Activity_Type,Date,Title,Race,Distance,Calories,Time,Avg_HR,Max_HR,Avg_Run_Cadence,Max_Run_Cadence,Avg_Pace,Best_Pace,Total_Ascent,Total_Descent,Avg_Stride_Length,Best_Lap_Time,Moving_Time,Min_Elevation,Max_Elevation,7_More_Hours_Sleep
Running,12/27/21 11:04,Henrico County Running,No,4.04,373,00:35:38,160,173,153,249,08:49,07:28,20,--,1.2,00:25.7,00:35:31,217,244,Yes
Treadmill Running,12/28/21 14:07,Treadmill Running,No,3.65,318,00:30:37,150,168,146,157,08:23,08:44,--,--,1.12,00:54.8,00:29:37,--,--,Yes
Treadmill Running,12/28/21 14:41,Treadmill Running,No,3.63,364,00:31:48,163,171,142,159,08:45,06:55,--,--,1.29,05:31.4,00:29:55,--,--,Yes
Running,12/30/21 16:10,Henrico County Running,No,3.21,322,00:29:04,159,174,147,227,09:03,07:20,7,7,1.21,01:46.8,00:28:58,219,233,Yes
Treadmill Running,12/30/21 19:20,Treadmill Running,No,1.18,105,00:10:01,150,165,148,157,08:29,07:42,--,--,1.29,01:29.2,00:10:01,--,--,Yes
Running,12/31/21 20:06,Henrico County Running,No,4.11,410,00:37:54,158,176,146,243,09:14,07:13,7,--,1.2,00:54.9,00:37:47,112,131,Yes
Running,1/1/22 13:33,First Run of 2022,No,3.29,170,00:26:48,151,171,142,244,08:09,07:44,--,--,1.25,07:25.1,00:16:06,114,123,No
Running,1/2/22 12:29,Henrico County Running,No,3.37,343,00:31:15,157,173,148,230,09:16,07:49,20,23,1.17,00:04.3,00:31:04,112,131,Yes
Treadmill Running,1/2/22 14:20,Treadmill Running,No,4.65,401,00:36:30,154,167,150,159,07:50,07:21,--,--,1.37,04:58.7,00:36:10,--,--,Yes
Treadmill Running,1/6/22 20:00,Treadmill Running,No,3.52,345,00:31:15,157,170,140,159,08:53,07:20,--,--,1.29,04:45.2,00:29:16,--,--,Yes
Treadmill Running,1/6/22 20:57,Treadmill Running,No,1.31,118,00:10:01,163,174,153,161,07:38,07:10,--,--,1.38,02:19.1,00:10:00,--,--,Yes
Treadmill Running,1/8/22 12:43,Treadmill Running,No,8.01,752,01:01:51,169,178,153,162,07:43,07:05,--,--,1.36,00:05.0,01:01:34,--,--,Yes
Treadmill Running,1/9/22 11:22,Treadmill Running,No,4.31,380,00:33:37,157,165,154,161,07:49,07:19,--,--,1.34,02:20.8,00:33:29,--,--,Yes
Treadmill Running,1/12/22 20:28,Treadmill Running,No,4.02,385,00:32:28,164,172,150,162,08:05,07:26,--,--,1.33,00:08.5,00:32:18,--,--,Yes
Running,1/16/22 08:02,Tempe Running,Yes,13.16,"1,415",01:55:46,175,189,156,249,08:48,07:13,220,223,1.17,01:12.9,01:55:39,"1,172","1,342",Yes
Treadmill Running,1/22/22 11:39,Treadmill Running,No,7.1,710,01:01:00,168,177,145,231,08:35,07:14,--,--,1.29,00:46.3,00:58:57,--,--,Yes
Treadmill Running,1/23/22 12:33,Treadmill Running,No,5.01,493,00:43:20,163,184,151,163,08:39,07:14,--,--,1.23,00:02.8,00:42:45,--,--,Yes
Running,1/23/22 14:44,Henrico County Running,No,3.28,292,00:32:39,145,176,142,224,09:57,07:56,13,7,1.14,02:53.4,00:32:38,114,130,Yes
Treadmill Running,1/27/22 20:32,Treadmill Running,No,6.01,577,00:53:26,157,168,144,239,08:53,05:22,--,--,1.26,00:05.1,00:51:32,--,--,Yes
Running,1/28/22 12:24,Henrico County Running,No,3.5,307,00:33:02,146,171,142,231,09:26,07:53,30,--,1.2,04:51.2,00:33:01,117,150,Yes
Treadmill Running,1/29/22 12:40,Treadmill Running,No,5.51,528,00:48:18,158,172,148,172,08:46,07:19,--,--,1.24,04:06.8,00:46:45,--,--,Yes
Treadmill Running,1/30/22 12:45,Treadmill Running,No,1.23,115,00:10:54,149,167,149,164,08:53,07:37,--,--,1.21,02:27.6,00:10:39,--,--,Yes
Treadmill Running,1/30/22 12:59,Treadmill Running,No,6.01,575,00:51:59,160,169,150,248,08:39,05:14,--,--,1.24,00:02.6,00:51:32,--,--,Yes
Treadmill Running,2/2/22 19:59,Treadmill Running,No,3.53,344,00:32:07,153,163,146,249,09:06,07:01,--,--,1.21,04:34.7,00:31:53,--,--,No
Running,2/6/22 07:51,New Orleans Running,Yes,13.25,"1,288",01:53:34,173,191,157,243,08:34,06:42,187,194,1.19,02:03.5,01:53:25,-21,18,Yes
Running,2/10/22 17:27,Henrico County Running,No,3.62,349,00:33:34,154,171,148,239,09:16,06:58,16,7,1.18,05:52.7,00:33:26,115,129,Yes
Running,2/11/22 17:30,Henrico County Running,No,3.51,340,00:32:32,154,172,147,244,09:16,07:55,--,7,1.18,00:00.2,00:32:24,106,123,Yes
Treadmill Running,2/12/22 12:36,Treadmill Running,No,2.01,178,00:17:41,147,167,142,238,08:48,05:20,--,--,1.29,00:03.2,00:16:43,--,--,Yes
Treadmill Running,2/12/22 13:58,Treadmill Running,No,4.03,369,00:34:44,155,171,141,163,08:37,07:16,--,--,1.32,00:05.7,00:32:14,--,--,Yes
Treadmill Running,2/13/22 12:24,Treadmill Running,No,7.51,637,01:03:01,153,167,147,232,08:24,07:19,--,--,1.3,03:47.3,01:01:08,--,--,Yes
Running,2/16/22 21:20,Henrico County Running,No,3.25,340,00:31:22,158,169,144,246,09:39,08:07,13,7,1.16,02:15.9,00:31:14,112,131,Yes
Treadmill Running,2/19/22 12:00,Treadmill Running,No,3.33,337,00:30:25,158,171,146,159,09:08,07:22,--,--,1.2,02:35.6,00:30:03,--,--,Yes
Running,2/19/22 12:57,Henrico County Running,No,3.67,397,00:36:11,160,185,144,249,09:51,06:50,62,49,1.14,06:52.3,00:36:07,161,193,Yes
Treadmill Running,2/20/22 16:02,Treadmill Running,No,3.55,332,00:31:11,154,166,144,249,08:47,05:16,--,--,1.28,00:04:25,00:30:07,--,--,Yes
Treadmill Running,2/20/22 17:41,Treadmill Running,No,2.01,187,00:17:16,155,165,144,159,08:36,07:33,--,--,1.3,00:05.2,00:16:27,--,--,Yes
Running,2/21/22 15:28,Henrico County Running,No,1.06,45,05:38.0,127,165,153,167,05:20,06:45,--,--,1.97,00:28.7,00:05:21,115,124,Yes
Running,2/21/22 15:36,Henrico County Running,No,3.4,355,00:31:59,161,172,144,243,09:25,07:27,20,20,1.19,03:47.4,00:30:54,119,137,Yes
Running,2/21/22 16:14,Henrico County Running,No,1.17,120,00:10:40,162,172,153,164,09:06,08:09,--,--,1.16,01:30.6,00:10:38,165,175,Yes
Running,2/23/22 17:43,Henrico County Running,No,3.64,353,00:33:45,155,173,147,222,09:16,07:46,13,13,1.18,06:02.4,00:33:38,113,127,Yes
Running,2/26/22 17:03,Las Vegas Running,Yes,3.13,269,00:23:43,163,192,161,183,07:35,06:45,52,59,1.31,00:59.0,00:23:37,"1,954","2,004",Yes
Running,2/27/22 16:34,Clark County Running,Yes,13.21,"1,167",01:51:56,165,181,160,243,08:28,06:58,164,187,1.18,01:41.4,01:51:46,"1,997","2,193",No
Running,3/5/22 07:00,Myrtle Beach Running,Yes,13.18,"1,273",01:46:49,175,187,162,180,08:07,06:40,49,59,1.22,01:17.1,01:46:45,-19,20,No
Running,3/9/22 21:48,Henrico County Running,No,4.14,396,00:40:31,150,167,146,238,09:46,07:51,13,13,1.13,01:19.6,00:40:27,110,123,Yes
Running,3/11/22 21:33,Henrico County Running,No,4.02,403,00:38:00,157,173,147,243,09:27,08:13,36,23,1.16,00:11.2,00:37:51,115,140,Yes
Treadmill Running,3/12/22 12:11,Treadmill Running,No,7.35,638,01:02:00,153,165,147,162,08:26,07:27,--,--,1.3,02:47.2,00:59:36,--,--,Yes
Treadmill Running,3/13/22 15:09,Treadmill Running,No,4.01,346,00:33:57,150,166,146,162,08:28,07:39,--,--,1.31,00:04.3,00:32:22,--,--,Yes
Treadmill Running,3/13/22 16:37,Treadmill Running,No,1.87,165,00:15:58,148,160,147,243,08:33,06:07,--,--,1.28,07:53.7,00:15:10,--,--,Yes
Treadmill Running,3/13/22 16:56,Treadmill Running,No,2.51,221,00:20:51,151,162,149,161,08:19,07:26,--,--,1.3,04:02.2,00:20:20,--,--,Yes
Running,3/15/22 18:13,Henrico County Running,No,5.02,496,00:45:41,158,171,146,209,09:06,07:20,7,20,1.21,00:09.8,00:45:30,100,119,Yes
Running,3/20/22 07:28,New York Running,Yes,13.37,"1,310",01:49:04,175,188,161,176,08:10,06:26,472,604,1.22,02:45.6,01:49:01,-120,52,No
Treadmill Running,3/28/22 21:44,Treadmill Running,No,6.01,531,00:51:19,154,169,145,236,08:32,07:07,--,--,1.3,00:05.0,00:49:59,--,--,Yes
Treadmill Running,3/29/22 19:31,Treadmill Running,No,3.67,325,00:30:44,153,164,146,189,08:23,06:30,--,--,1.32,05:12.3,00:29:45,--,--,Yes
Treadmill Running,3/29/22 20:39,Treadmill Running,No,3.63,330,00:30:02,160,172,150,157,08:17,07:23,--,--,1.3,04:57.8,00:29:23,--,--,Yes
Treadmill Running,3/30/22 20:18,Treadmill Running,No,1.01,80,09:05.6,135,154,140,235,09:02,05:25,--,--,1.27,00:03.2,00:08:32,--,--,Yes
Treadmill Running,3/30/22 21:31,Treadmill Running,No,4.01,355,00:33:35,154,168,146,159,08:23,07:14,--,--,1.32,00:03.3,00:32:11,--,--,Yes
Running,3/31/22 08:12,Henrico County Running,No,1.36,138,00:12:37,159,174,150,161,09:15,08:06,13,7,1.16,03:27.3,00:12:31,113,127,No
Treadmill Running,3/31/22 12:52,Treadmill Running,No,1.01,72,09:15.1,127,158,135,226,09:08,06:14,--,--,1.3,00:04.9,08:18.9,--,--,No
Running,4/2/22 11:27,Henrico County Running,No,4.61,430,00:42:44,152,173,145,240,09:16,04:53,36,23,1.2,05:33.9,00:42:37,114,140,Yes
Running,4/3/22 17:36,Henrico County Running,No,4.1,361,00:36:24,149,169,150,241,08:53,07:13,23,36,1.21,00:50.1,00:36:24,100,120,Yes
Running,4/7/22 21:00,Henrico County Running,No,4.55,460,00:43:06,156,170,147,249,09:28,07:54,30,43,1.16,05:27.9,00:42:59,105,119,Yes
Running,4/8/22 20:42,Henrico County Running,No,3.71,401,00:35:50,160,172,145,163,09:40,07:34,13,20,1.15,00:01.0,00:35:42,108,121,Yes
Running,4/10/22 10:08,Henrico County Running,No,4.05,409,00:37:30,159,177,149,247,09:15,06:57,30,43,1.17,00:22.5,00:37:20,102,126,Yes
Running,4/12/22 20:33,Henrico County Running,No,4.1,425,00:38:01,160,175,148,230,09:17,06:48,7,13,1.17,00:42.0,00:37:50,110,123,Yes
Running,4/13/22 21:21,Henrico County Running,No,3.19,319,00:30:24,153,165,143,168,09:33,08:02,--,--,1.18,01:48.8,00:30:18,112,123,Yes
Running,4/15/22 20:43,Henrico County Running,No,4.24,412,00:40:35,151,168,138,220,09:35,07:21,7,7,1.21,02:04.9,00:40:27,114,126,Yes
Running,4/16/22 10:41,Henrico County Running,No,4.13,423,00:36:14,163,175,150,167,08:46,07:35,23,16,1.23,01:02.7,00:36:12,114,140,Yes
Running,4/17/22 17:42,Henrico County Running,No,3.26,274,00:29:01,141,169,150,237,08:53,07:29,--,--,1.21,02:24.7,00:28:59,113,125,Yes
Running,4/17/22 21:21,Henrico County Running,No,3.11,298,00:27:16,154,170,154,231,08:46,07:13,7,7,1.2,00:57.1,00:27:10,113,125,Yes
Treadmill Running,4/19/22 21:31,Treadmill Running,No,7.01,604,00:55:47,154,168,146,219,07:57,05:12,--,--,1.38,00:04.9,00:54:24,--,--,Yes
Treadmill Running,4/20/22 22:06,Treadmill Running,No,5.01,435,00:38:15,158,170,150,162,07:38,07:06,--,--,1.41,00:04.4,00:37:46,--,--,Yes
Running,4/23/22 07:47,Nashville Running,Yes,13.27,"1,327",02:07:49,165,181,147,250,09:38,06:15,512,623,1.13,01:57.1,02:07:45,427,628,No
Running,4/28/22 20:55,Henrico County Running,No,1.5,123,00:13:16,140,171,151,243,08:50,07:40,7,--,1.2,04:43.4,00:13:09,113,130,Yes
Running,4/30/22 10:39,Henrico County Running,No,4.06,405,00:38:22,152,175,143,249,09:27,07:35,26,20,1.19,00:30.1,00:38:01,118,134,Yes
Running,5/3/22 19:24,Henrico County Running,No,6.23,666,00:57:40,163,174,143,231,09:15,07:39,13,7,1.22,01:53.7,00:57:32,113,130,Yes
Running,5/4/22 23:09,Henrico County Running,No,1.1,111,09:32.1,161,169,152,168,08:39,07:28,10,7,1.23,00:55.2,09:26.2,111,121,Yes
Running,5/5/22 21:51,Henrico County Running,No,4.12,420,00:41:03,151,168,137,168,09:57,07:25,7,10,1.18,01:02.2,00:40:55,114,128,Yes
Running,5/6/22 21:26,Henrico County Running,No,4.15,451,00:40:13,159,175,143,235,09:42,07:37,43,7,1.16,01:15.6,00:40:11,117,159,Yes
Running,5/7/22 07:00,New Kent County Running,Yes,13.21,"1,352",01:53:02,174,188,158,249,08:33,05:54,367,420,1.19,01:43.7,01:52:21,47,199,No
Treadmill Running,5/8/22 11:45,Treadmill Running,No,1.23,89,09:33.7,137,146,153,163,07:46,07:22,--,--,1.35,01:47.2,00:09:33,--,--,Yes
Running,5/9/22 18:56,Henrico County Running,No,4.01,372,00:38:49,145,164,141,241,09:41,07:27,13,13,1.18,00:06.7,00:37:13,115,132,Yes
Treadmill Running,5/10/22 17:38,Treadmill Running,No,1.07,78,08:16.6,136,148,152,240,07:44,05:11,--,--,1.37,00:31.1,08:15.1,--,--,Yes
Treadmill Running,5/10/22 18:03,Treadmill Running,No,4.06,334,00:32:25,147,160,149,225,07:59,05:21,--,--,1.35,00:25.1,00:31:48,--,--,Yes
Running,5/12/22 22:07,Henrico County Running,No,4.02,401,00:35:48,158,172,149,240,08:55,06:18,13,7,1.21,00:11.9,00:35:43,114,128,Yes
Treadmill Running,5/13/22 21:34,Treadmill Running,No,4.18,388,00:38:14,148,161,139,159,09:09,07:09,--,--,1.26,02:09.4,00:36:14,--,--,Yes
Running,5/14/22 08:21,Henrico County Running,No,2.54,250,00:21:41,161,181,150,195,08:33,07:04,7,7,1.26,04:16.7,00:21:35,115,127,Yes
Treadmill Running,5/15/22 11:10,Treadmill Running,No,7.01,575,00:55:43,152,166,146,247,07:57,05:30,--,--,1.38,00:03.7,00:53:16,--,--,Yes
Treadmill Running,5/17/22 15:05,Treadmill Running,No,5.04,413,00:42:40,146,157,140,161,08:28,06:57,--,--,1.35,00:26.0,00:40:11,--,--,Yes
Treadmill Running,5/19/22 14:38,Treadmill Running,No,5.03,411,00:41:16,148,160,143,247,08:12,05:08,--,--,1.37,00:24.4,00:39:44,--,--,Yes
Running,5/20/22 21:00,Henrico County Running,No,3.25,342,00:32:39,153,169,140,244,10:03,07:18,7,20,1.14,02:34.2,00:32:32,102,119,Yes
Running,5/21/22 08:00,Richmond Running,Yes,6.17,860,01:11:05,173,182,129,247,11:31,05:55,466,489,1.08,01:15.7,01:08:52,-112,5,No
Running,5/22/22 07:01,Richmond Running,Yes,12.6,"1,390",02:28:46,162,186,132,247,11:48,07:16,902,925,1.03,00:05.7,02:25:07,11,148,No
Running,5/22/22 11:44,Henrico County Running,No,0.65,55,06:55.6,128,145,139,232,10:39,07:23,--,--,1.08,06:55.6,06:55.6,112,122,No
Treadmill Running,5/24/22 22:16,Treadmill Running,No,3.52,342,00:32:22,154,167,143,163,09:12,07:44,--,--,1.22,04:21.4,00:30:17,--,--,Yes
Treadmill Running,5/26/22 13:42,Treadmill Running,No,1.75,123,00:15:06,131,167,152,159,08:38,08:10,--,--,1.23,06:15.9,00:15:02,--,--,Yes
Running,5/27/22 22:29,Henrico County Running,No,2.04,195,00:18:47,152,170,148,169,09:12,08:00,75,7,1.18,00:21.3,00:18:46,129,138,Yes
Treadmill Running,5/28/22 11:25,Treadmill Running,No,7.21,584,01:03:52,145,162,141,215,08:51,05:36,--,--,1.29,01:37.5,01:00:11,--,--,Yes
Treadmill Running,5/28/22 12:36,Treadmill Running,No,3.01,265,00:25:27,150,172,146,250,08:28,05:47,--,--,1.3,00:03.7,00:24:40,--,--,Yes
Running,5/29/22 08:30,James City County Running,Yes,3.15,281,00:24:51,161,182,160,175,07:54,06:54,13,13,1.27,01:06.0,00:24:44,68,88,Yes
Treadmill Running,5/30/22 12:27,Treadmill Running,No,4.01,322,00:31:55,147,163,148,159,07:58,07:16,--,--,1.36,00:02.6,00:31:11,--,--,Yes
Treadmill Running,6/1/22 12:44,Treadmill Running,No,6.03,495,00:48:30,150,165,146,162,08:02,06:52,--,--,1.37,00:12.6,00:46:37,--,--,Yes
Running,6/2/22 09:43,Henrico County Running,No,3.53,382,00:35:04,157,175,139,241,09:56,07:20,--,7,1.16,05:12.8,00:34:09,105,119,Yes
Running,6/5/22 06:20,San Diego Running,Yes,13.26,"1,168",01:55:23,163,181,154,249,08:42,05:45,282,528,1.2,01:48.4,01:55:13,100,454,Yes
Running,6/10/22 21:13,Henrico County Running,No,4.12,430,00:42:15,153,169,134,243,10:16,07:46,16,20,1.17,01:02.0,00:40:20,108,123,Yes
Running,6/11/22 20:16,Henrico County Running,No,5.05,515,00:46:13,161,173,146,249,09:09,06:17,7,13,1.21,00:24.8,00:46:03,110,121,Yes
Treadmill Running,6/12/22 14:19,Treadmill Running,No,6.86,634,01:00:49,155,172,140,244,08:52,04:49,--,--,1.3,07:31.5,00:56:58,--,--,Yes
Treadmill Running,6/15/22 14:24,Treadmill Running,No,4.01,347,00:32:25,152,168,149,159,08:05,07:11,--,--,1.34,00:04.6,00:31:38,--,--,Yes
Treadmill Running,6/18/22 15:06,Treadmill Running,No,7.02,640,00:59:34,157,167,145,159,08:29,07:11,--,--,1.31,00:06.3,00:58:09,--,--,No
Running,6/19/22 12:28,Henrico County Running,No,4.05,433,00:38:59,160,173,139,248,09:37,05:59,23,30,1.2,00:26.0,00:38:57,107,122,Yes
Treadmill Running,6/20/22 11:53,Treadmill Running,No,3,278,00:27:16,149,166,137,244,09:04,06:40,--,--,1.29,00:04.8,00:24:41,--,--,Yes
Treadmill Running,6/20/22 12:41,Treadmill Running,No,3.02,288,00:25:45,159,176,142,240,08:32,07:07,--,--,1.33,00:06.9,00:24:13,--,--,Yes
Treadmill Running,6/29/22 13:24,Treadmill Running,No,3.12,251,00:28:32,137,161,138,157,09:08,07:25,--,--,1.27,00:55.8,00:27:38,--,--,Yes
Treadmill Running,6/30/22 14:01,Treadmill Running,No,4.02,372,00:34:07,155,171,144,157,08:29,07:16,--,--,1.31,00:07.9,00:33:10,--,--,Yes
Treadmill Running,7/1/22 11:15,Treadmill Running,No,7.53,686,01:04:00,157,172,142,209,08:30,05:32,--,--,1.33,03:59.6,01:01:08,--,--,Yes
Treadmill Running,7/2/22 12:35,Treadmill Running,No,5.03,444,00:43:55,150,169,140,244,08:44,05:58,--,--,1.31,00:13.4,00:42:10,--,--,Yes
Treadmill Running,7/2/22 13:45,Treadmill Running,No,3.12,288,00:27:00,152,187,142,162,08:40,07:11,--,--,1.31,00:51.2,00:25:47,--,--,Yes
Treadmill Running,7/3/22 12:44,Treadmill Running,No,7.22,602,01:02:30,148,169,140,162,08:39,07:08,--,--,1.33,01:37.3,00:58:38,--,--,Yes
Treadmill Running,7/4/22 12:14,Treadmill Running,No,5.02,400,00:44:44,141,155,137,178,08:55,07:07,--,--,1.32,00:07.8,00:41:22,--,--,Yes
Treadmill Running,7/7/22 13:10,Treadmill Running,No,6.32,589,00:52:15,160,174,144,162,08:16,07:07,--,--,1.35,02:19.8,00:50:42,--,--,Yes
Treadmill Running,7/8/22 15:03,Treadmill Running,No,2.16,196,00:20:38,142,157,132,247,09:32,05:32,--,--,1.27,01:14.7,00:18:47,--,--,Yes
Treadmill Running,7/9/22 11:33,Treadmill Running,No,6.53,590,00:54:03,158,174,143,221,08:17,05:00,--,--,1.36,04:52.2,00:51:50,--,--,Yes
Treadmill Running,7/10/22 13:10,Treadmill Running,No,13.12,"1,040",01:49:20,152,177,142,247,08:20,06:41,--,--,1.36,00:53.4,01:43:35,--,--,Yes
Treadmill Running,7/11/22 14:10,Treadmill Running,No,3.14,248,00:25:41,142,158,144,162,08:11,06:50,--,--,1.37,00:59.3,00:24:45,--,--,Yes
Treadmill Running,7/12/22 20:33,Treadmill Running,No,7.41,674,01:01:48,158,170,143,160,08:20,06:46,--,--,1.35,02:54.6,00:58:57,--,--,Yes
Treadmill Running,7/14/22 16:34,Treadmill Running,No,3.51,295,00:29:00,147,159,147,228,08:16,05:36,--,--,1.33,03:50.3,00:28:14,--,--,Yes
Treadmill Running,7/14/22 17:15,Treadmill Running,No,1.02,90,07:23.7,171,182,155,235,07:16,04:37,--,--,1.42,00:06.9,07:22.8,--,--,Yes
Treadmill Running,7/16/22 11:56,Treadmill Running,No,7.21,584,01:03:48,146,170,137,250,08:51,06:48,--,--,1.32,01:35.7,01:00:05,--,--,Yes
Treadmill Running,7/17/22 12:30,Treadmill Running,No,8.02,641,01:06:57,147,162,144,161,08:21,06:40,--,--,1.34,00:08.7,01:04:26,--,--,Yes
Treadmill Running,7/19/22 12:53,Treadmill Running,No,5.01,418,00:40:09,150,166,144,161,08:00,06:49,--,--,1.4,00:06.4,00:38:29,--,--,Yes
Treadmill Running,7/21/22 14:44,Treadmill Running,No,6.01,496,00:49:47,149,173,141,159,08:17,06:41,--,--,1.38,00:06.3,00:47:32,--,--,Yes
Treadmill Running,7/22/22 12:38,Treadmill Running,No,7.15,633,01:01:48,158,187,138,157,08:38,06:54,--,--,1.35,01:06.8,00:58:38,--,--,Yes
Treadmill Running,7/23/22 11:57,Treadmill Running,No,7.44,561,01:02:25,144,165,140,249,08:23,06:45,--,--,1.37,03:11.8,00:59:21,--,--,Yes
Treadmill Running,7/24/22 12:38,Treadmill Running,No,7.53,579,01:00:46,148,164,143,232,08:04,06:52,--,--,1.39,03:51.3,00:58:07,--,--,Yes
Treadmill Running,7/28/22 12:42,Treadmill Running,No,6.03,495,00:51:32,147,164,138,249,08:33,06:07,--,--,1.36,00:11.2,00:49:15,--,--,Yes
Treadmill Running,7/29/22 18:11,Treadmill Running,No,4.12,303,00:36:11,139,178,136,249,08:47,06:25,--,--,1.35,00:50.6,00:33:54,--,--,Yes
Treadmill Running,7/29/22 19:21,Treadmill Running,No,1.32,122,00:11:25,153,176,136,158,08:39,06:55,--,--,1.36,02:20.3,00:10:18,--,--,Yes
Treadmill Running,7/30/22 11:00,Treadmill Running,No,7.73,708,01:09:19,156,168,137,164,08:58,06:41,--,--,1.31,06:24.2,01:04:51,--,--,Yes
Treadmill Running,7/31/22 11:36,Treadmill Running,No,4.05,328,00:32:28,148,163,144,161,08:01,06:45,--,--,1.4,00:22.1,00:32:02,--,--,Yes
Treadmill Running,7/31/22 18:12,Treadmill Running,No,3.03,255,00:25:51,145,160,138,162,08:32,07:02,--,--,1.37,00:12.8,00:24:25,--,--,Yes
Treadmill Running,8/1/22 13:44,Treadmill Running,No,5.02,399,00:44:05,141,161,137,230,08:47,04:52,--,--,1.34,00:09.9,00:41:17,--,--,Yes
Treadmill Running,8/4/22 12:20,Treadmill Running,No,6.22,574,00:52:38,161,174,140,250,08:28,06:51,--,--,1.35,01:35.1,00:50:36,--,--,Yes
Treadmill Running,8/8/22 13:50,Treadmill Running,No,3.14,269,00:32:59,138,162,130,247,10:30,06:28,--,--,1.17,02:14.9,00:31:45,--,--,Yes
Treadmill Running,8/9/22 16:55,Treadmill Running,No,8.69,733,01:06:05,161,176,148,248,07:36,06:33,--,--,1.43,04:54.4,01:05:13,--,--,Yes
Treadmill Running,8/10/22 10:15,Treadmill Running,No,7.51,622,01:00:58,155,172,144,248,08:07,04:32,--,--,1.37,03:41.9,00:58:37,--,--,Yes
Treadmill Running,8/11/22 15:51,Treadmill Running,No,4.52,369,00:39:57,143,166,136,243,08:50,07:02,--,--,1.34,04:09.7,00:37:14,--,--,Yes
Treadmill Running,8/12/22 13:12,Treadmill Running,No,3.24,259,00:29:25,139,158,136,158,09:05,06:58,--,--,1.3,01:45.9,00:27:31,--,--,Yes
Treadmill Running,8/12/22 14:06,Treadmill Running,No,3.02,243,00:26:44,141,158,138,249,08:51,06:58,--,--,1.32,00:08.5,00:25:08,--,--,Yes
Running,8/13/22 09:52,Henrico County Running,No,6.27,653,00:58:24,164,185,146,249,09:19,07:21,23,30,1.18,02:12.2,00:57:59,106,123,Yes
Treadmill Running,8/14/22 11:33,Treadmill Running,No,4.63,359,00:44:55,138,156,136,249,09:42,07:06,--,--,1.21,07:55.6,00:42:33,--,--,Yes
Treadmill Running,8/18/22 13:37,Treadmill Running,No,3.52,309,00:33:00,144,166,134,247,09:22,06:44,--,--,1.28,03:56.1,00:29:56,--,--,No
Treadmill Running,8/20/22 19:22,Treadmill Running,No,6.52,595,00:56:30,155,168,138,234,08:40,07:09,--,--,1.34,03:56.9,00:52:47,--,--,Yes
Treadmill Running,8/21/22 12:37,Treadmill Running,No,2.51,216,00:21:53,145,159,141,157,08:42,07:10,--,--,1.31,03:56.1,00:20:41,--,--,Yes
Treadmill Running,8/21/22 13:24,Treadmill Running,No,2.52,222,00:22:39,148,172,136,157,09:00,07:05,--,--,1.32,04:46.1,00:20:38,--,--,Yes
Treadmill Running,8/23/22 13:30,Treadmill Running,No,6.02,507,00:53:28,149,166,139,246,08:53,06:55,--,--,1.29,00:06.7,00:51:00,--,--,Yes
Treadmill Running,8/24/22 22:27,Treadmill Running,No,4.02,313,00:33:35,142,156,144,160,08:22,07:01,--,--,1.34,00:07.2,00:32:29,--,--,Yes
Treadmill Running,8/30/22 20:09,Treadmill Running,No,4.21,410,00:44:34,148,164,126,247,10:36,06:59,--,--,1.19,03:21.2,00:38:34,--,--,Yes
Treadmill Running,8/31/22 18:09,Treadmill Running,No,1.01,96,09:55.6,141,160,152,159,09:47,07:32,--,--,1.09,00:06.8,09:54.8,--,--,Yes
Treadmill Running,8/31/22 18:20,Treadmill Running,No,2.02,225,00:22:24,150,171,134,220,11:05,07:21,--,--,1.08,00:09.6,00:20:22,--,--,Yes
Treadmill Running,9/1/22 14:05,Treadmill Running,No,4.72,439,00:44:08,151,165,136,161,09:21,07:04,--,--,1.26,06:37.3,00:41:39,--,--,Yes
Treadmill Running,9/3/22 12:32,Treadmill Running,No,14.01,"1,126",01:52:56,155,185,148,249,08:04,06:28,--,--,1.35,00:07.6,01:48:06,--,--,Yes
Treadmill Running,9/4/22 09:44,Treadmill Running,No,1.02,53,08:05.7,116,126,155,164,07:56,07:11,--,--,1.31,00:09.0,08:05.7,--,--,Yes
Treadmill Running,9/7/22 14:33,Treadmill Running,No,6.02,533,00:56:02,149,170,135,165,09:19,07:02,--,--,1.28,00:05.7,00:51:34,--,--,Yes
Treadmill Running,9/8/22 21:32,Treadmill Running,No,6.02,574,00:58:29,150,172,132,250,09:43,06:43,--,--,1.25,00:08.7,00:51:10,--,--,Yes
Running,9/10/22 07:54,Henrico County Running,No,3.33,327,00:28:28,166,183,157,250,08:33,07:17,7,7,1.2,02:30.5,00:28:18,113,127,No
Treadmill Running,9/17/22 18:25,Treadmill Running,No,7.11,653,01:01:52,158,176,144,162,08:42,07:00,--,--,1.29,00:50.6,00:58:28,--,--,No
Running,9/25/22 07:14,Chicago Running,Yes,13.12,"1,392",01:50:16,183,192,155,247,08:24,06:26,46,49,1.19,05:17.2,01:50:02,570,602,Yes
Treadmill Running,9/28/22 20:26,Treadmill Running,No,3.52,308,00:33:20,146,163,136,231,09:29,05:25,--,--,1.24,04:59.3,00:31:33,--,--,Yes
Running,9/29/22 13:27,Henrico County Running,No,3.12,266,00:29:43,146,179,141,249,09:31,07:28,20,13,1.19,00:57.8,00:29:35,91,108,Yes
Running,10/1/22 13:48,Henrico County Running,No,4.07,412,00:39:42,159,178,144,246,09:45,07:06,13,13,1.14,00:30.7,00:39:37,93,106,Yes
Treadmill Running,10/2/22 15:06,Treadmill Running,No,20.02,"1,509",03:23:26,147,179,129,249,10:10,05:18,--,--,1.22,00:08.3,03:00:37,--,--,Yes
Treadmill Running,10/4/22 20:25,Treadmill Running,No,7.01,633,01:00:51,156,166,146,231,08:40,06:50,--,--,1.27,00:06.2,00:58:45,--,--,Yes
Treadmill Running,10/5/22 14:30,Treadmill Running,No,6.02,471,00:51:41,143,162,148,215,08:35,07:02,--,--,1.27,00:07.1,00:49:36,--,--,Yes
Running,10/8/22 07:30,San Jose Running,Yes,3.14,266,00:23:09,167,193,163,183,07:23,06:05,7,20,1.34,00:56.6,00:23:05,-45,-17,No
Running,10/9/22 08:21,San Jose Running,Yes,13.27,"1,292",01:49:29,175,189,160,178,08:15,06:44,105,115,1.22,01:58.3,01:49:22,83,140,Yes
Treadmill Running,10/18/22 21:55,Treadmill Running,No,7.03,646,01:00:20,159,171,142,159,08:35,07:05,--,--,1.32,00:11.3,00:57:38,--,--,Yes
Treadmill Running,10/19/22 14:50,Treadmill Running,No,7.02,557,00:58:28,150,168,144,225,08:20,06:35,--,--,1.34,00:06.5,00:57:04,--,--,Yes
Treadmill Running,10/20/22 22:08,Treadmill Running,No,7.01,544,00:57:10,150,168,146,244,08:09,06:53,--,--,1.35,00:04.7,00:54:39,--,--,Yes
Treadmill Running,10/21/22 13:38,Treadmill Running,No,7.02,577,00:57:06,152,172,146,159,08:08,06:53,--,--,1.34,00:06.0,00:55:31,--,--,Yes
Treadmill Running,10/22/22 08:16,Treadmill Running,No,22.01,"1,749",03:03:02,160,186,145,249,08:19,06:45,--,--,1.33,00:05.1,02:52:39,--,--,Yes
Treadmill Running,10/24/22 22:15,Treadmill Running,No,4.02,335,00:34:39,147,165,146,225,08:37,07:05,--,--,1.28,00:07.2,00:34:17,--,--,No
Treadmill Running,10/25/22 16:49,Treadmill Running,No,6.01,514,00:52:39,153,172,144,206,08:45,06:45,--,--,1.28,00:05.5,00:50:52,--,--,Yes
Treadmill Running,10/27/22 21:33,Treadmill Running,No,9.01,767,01:21:26,155,169,140,244,09:02,07:03,--,--,1.27,00:05.8,01:17:16,--,--,Yes
Treadmill Running,10/28/22 16:17,Treadmill Running,No,8.01,653,01:11:23,150,169,139,183,08:55,06:52,--,--,1.3,00:05.4,01:07:43,--,--,Yes
Running,10/29/22 10:30,Richmond Running,Yes,3.02,251,00:22:35,164,190,163,209,07:28,05:59,79,72,1.33,00:08.9,00:22:30,218,266,Yes
Treadmill Running,10/29/22 15:01,Treadmill Running,No,4.04,339,00:31:34,158,170,151,164,07:48,06:34,--,--,1.37,00:18.8,00:30:47,--,--,Yes
Treadmill Running,10/30/22 16:03,Treadmill Running,No,1.25,87,00:11:20,127,139,134,159,09:06,07:01,--,--,1.31,02:51.3,00:10:18,--,--,No
Treadmill Running,10/30/22 18:02,Treadmill Running,No,4.65,400,00:38:40,154,168,143,250,08:19,06:46,--,--,1.35,05:46.3,00:36:52,--,--,No
Treadmill Running,10/31/22 17:43,Treadmill Running,No,4.05,278,00:30:23,142,154,148,157,07:30,06:51,--,--,1.45,00:21.1,00:29:48,--,--,Yes
Treadmill Running,10/31/22 21:53,Treadmill Running,No,2.11,171,00:16:53,150,159,146,159,07:59,06:47,--,--,1.38,00:50.5,00:16:18,--,--,Yes
Treadmill Running,11/2/22 21:59,Treadmill Running,No,5.16,432,00:45:05,149,165,138,248,08:44,06:55,--,--,1.33,01:53.3,00:41:49,--,--,Yes
Treadmill Running,11/2/22 22:51,Treadmill Running,No,2.15,191,00:17:47,157,169,143,159,08:15,06:43,--,--,1.36,01:04.9,00:16:30,--,--,Yes
Treadmill Running,11/3/22 21:23,Treadmill Running,No,6.56,569,00:58:23,155,170,141,246,08:54,05:53,--,--,1.28,04:11.4,00:54:48,--,--,Yes
Treadmill Running,11/4/22 13:05,Treadmill Running,No,5.01,406,00:43:27,147,159,147,159,08:41,07:00,--,--,1.26,00:02.6,00:42:33,--,--,Yes
Treadmill Running,11/4/22 15:05,Treadmill Running,No,2.01,164,00:16:40,145,159,152,157,08:18,06:56,--,--,1.28,00:02.7,00:16:38,--,--,Yes
Treadmill Running,11/6/22 15:33,Treadmill Running,No,7.12,531,01:07:39,139,158,137,244,09:30,05:06,--,--,1.23,00:55.0,01:03:05,--,--,Yes
Treadmill Running,11/6/22 16:57,Treadmill Running,No,1.85,152,00:16:31,141,159,141,157,08:56,07:02,--,--,1.27,08:14.8,00:15:26,--,--,Yes
Treadmill Running,11/6/22 19:54,Treadmill Running,No,2.01,193,00:18:08,157,167,145,157,09:02,06:48,--,--,1.23,00:03.3,00:17:45,--,--,Yes
Treadmill Running,11/6/22 21:10,Treadmill Running,No,2.21,212,00:19:51,156,166,145,210,08:58,06:55,--,--,1.24,01:45.0,00:19:20,--,--,Yes
Treadmill Running,11/7/22 21:01,Treadmill Running,No,6.21,486,00:56:37,142,166,140,223,09:07,05:22,--,--,1.25,01:30.6,00:53:43,--,--,Yes
Treadmill Running,11/8/22 21:00,Treadmill Running,No,7.23,552,01:03:30,144,159,142,162,08:47,06:58,--,--,1.29,01:42.3,01:00:54,--,--,Yes
Running,11/9/22 15:14,Henrico County Running,No,4.08,379,00:37:33,155,179,144,249,09:13,07:05,141,121,1.21,00:44.5,00:36:47,112,188,Yes
Running,11/10/22 11:48,Henrico County Running,No,5.02,494,00:45:47,162,181,146,246,09:08,07:11,154,141,1.21,00:08.0,00:45:22,114,193,Yes
Running,11/12/22 07:45,Richmond Running,Yes,26.43,"2,209",04:05:21,165,191,150,250,09:17,05:24,535,636,1.15,02:37.1,04:05:14,1,197,No
Running,11/13/22 15:28,Henrico County Running,No,1.06,91,09:34.9,143,160,153,243,09:00,07:03,7,23,1.17,00:32.2,00:09:29,99,117,Yes
Treadmill Running,11/15/22 20:42,Treadmill Running,No,4.02,333,00:33:00,150,163,148,243,08:12,07:27,--,--,1.33,00:10.6,00:32:03,--,--,Yes
Running,11/18/22 20:57,Henrico County Running,No,4.02,326,00:41:52,136,166,136,246,10:25,07:14,23,7,1.14,00:12.0,00:41:45,114,133,No
Treadmill Running,11/19/22 10:39,Treadmill Running,No,6.52,520,01:04:50,138,155,141,160,09:57,07:41,--,--,1.15,04:33.8,01:01:35,--,--,Yes
Running,11/19/22 11:58,Henrico County Running,No,3.46,318,00:30:58,156,177,148,248,08:57,07:14,43,13,1.22,04:00.3,00:30:52,111,152,Yes
Treadmill Running,11/20/22 12:57,Treadmill Running,No,7.01,496,01:00:57,139,157,139,249,08:41,06:52,--,--,1.33,00:06.0,00:58:41,--,--,Yes
Treadmill Running,11/21/22 15:00,Treadmill Running,No,6.02,444,00:53:31,139,162,138,244,08:54,05:09,--,--,1.31,00:07.7,00:49:43,--,--,Yes
Running,11/24/22 22:06,Henrico County Running,No,3.21,310,00:32:40,149,168,142,246,10:11,06:37,20,7,1.11,02:20.1,00:32:21,112,132,Yes
Running,11/25/22 19:59,Richmond Running,No,0.48,13,03:29.3,83,89,72,143,07:16,15:37,--,--,0.86,03:29.3,00:02:47,177,182,Yes
Running,4/4/23 17:59,Henrico County Running,No,3.31,328,00:32:36,157,191,136,228,09:51,07:12,--,13,1.2,02:58.5,00:32:28,100,117,Yes
Running,4/22/23 09:23,Richmond Running,No,6.3,569,01:16:14,130,182,124,246,12:06,06:26,125,98,1.04,02:26.2,01:16:04,286,343,Yes
Running,5/6/23 10:00,New Kent County Running,Yes,3.08,311,00:27:09,172,193,151,234,08:49,06:24,115,98,1.21,00:35.8,00:26:56,103,140,Yes
Running,5/10/23 14:18,Henrico County Running,No,3.13,281,00:34:01,141,176,132,245,10:52,07:13,13,7,1.12,01:46.8,00:33:50,110,124,Yes
Running,5/12/23 14:16,Henrico County Running,No,3.13,304,00:33:04,150,181,130,225,10:33,07:20,7,16,1.17,01:04.9,00:32:53,104,117,No
Treadmill Running,5/16/23 20:09,Treadmill Running,No,2.4,250,00:25:44,151,182,127,156,10:42,06:59,--,--,1.19,03:51.1,00:23:07,--,--,Yes
Running,5/20/23 12:07,Henrico County Running,No,5.05,461,00:54:51,147,176,127,239,10:52,06:36,23,7,1.17,00:23.9,00:54:39,109,133,Yes
Running,5/23/23 13:04,Henrico County Running,No,3.35,314,00:33:51,148,176,136,244,10:05,07:00,7,7,1.17,03:41.5,00:33:44,110,127,Yes
Running,5/26/23 13:40,Henrico County Running,No,4.02,356,00:41:05,144,171,137,238,10:13,07:26,7,7,1.15,00:11.2,00:40:57,107,121,Yes
Running,5/31/23 09:48,San Diego Running,No,3.5,380,00:36:53,160,178,131,241,10:32,07:04,223,85,1.16,06:27.4,00:36:30,21,167,Yes
Running,6/3/23 07:00,San Diego Running,Yes,3.17,326,00:26:58,178,191,156,248,08:31,06:21,151,98,1.21,01:08.1,00:26:58,200,304,No
Running,6/4/23 06:17,San Diego Running,Yes,13.3,"1,262",02:02:51,169,188,151,249,09:14,05:51,315,554,1.16,02:23.8,02:01:43,45,400,No
Running,6/7/23 12:52,Henrico County Running,No,4.14,376,00:38:33,158,179,132,236,09:19,07:17,7,7,1.15,08:04.3,00:38:32,114,125,Yes
Running,6/9/23 13:14,Henrico County Running,No,3.81,341,00:35:02,154,179,141,164,09:12,07:29,--,--,1.17,05:36.6,00:34:44,110,123,Yes
Running,6/21/23 19:28,Myrtle Beach Running,Yes,3.12,398,00:32:27,173,194,140,244,10:23,06:59,7,7,1.04,02:16.3,00:33:28,-24,-11,Yes
Running,6/27/23 21:48,Myrtle Beach Running,No,3.43,270,00:25:13,162,175,135,239,07:21,07:55,13,20,1.14,05:21.8,00:25:06,20,37,Yes
Running,6/28/23 13:23,Myrtle Beach Running,No,4.06,348,00:34:37,156,184,130,241,08:32,06:36,36,56,1.09,00:29.0,00:34:32,13,36,Yes
Running,6/29/23 13:57,Myrtle Beach Running,No,5.01,453,00:42:35,163,188,134,249,08:30,07:11,23,43,1.13,00:04.8,00:42:18,3,36,Yes
Running,6/30/23 12:57,Myrtle Beach Running,No,5.2,491,00:47:24,162,182,129,238,09:07,07:04,49,56,1.1,02:34.3,00:46:10,12,36,Yes
Treadmill Running,6/30/23 21:41,Treadmill Running,No,2.7,25,00:23:01,98,117,8,146,08:31,35:29:00,--,--,0.05,06:01.3,00:00:08,--,--,Yes
Treadmill Running,7/1/23 16:20,Treadmill Running,No,6.21,427,00:50:24,146,163,145,244,08:07,04:32,--,--,1.37,01:30.1,00:48:26,--,--,Yes
Running,7/4/23 07:05,Myrtle Beach Running,Yes,3.18,313,00:26:20,179,192,158,173,08:17,06:51,7,7,1.23,01:24.1,00:26:20,-39,-26,No
Running,7/6/23 12:47,Myrtle Beach Running,No,4.63,515,00:49:25,163,187,133,249,10:41,05:57,43,52,1.13,07:24.2,00:48:59,1,36,Yes
Running,7/9/23 16:53,Myrtle Beach Running,No,4.42,441,00:46:29,156,183,133,245,10:32,07:12,62,115,1.15,03:44.3,00:46:27,-24,40,Yes
Running,7/11/23 13:12,Myrtle Beach Running,No,4.41,463,00:47:00,156,179,134,244,10:40,07:39,56,62,1.12,04:31.5,00:46:50,6,37,Yes
Running,7/13/23 13:16,Myrtle Beach Running,No,4.66,535,00:50:32,165,184,131,239,10:51,07:19,66,72,1.13,06:42.6,00:49:58,7,40,Yes
Running,7/14/23 13:29,Myrtle Beach Running,No,4.7,516,00:49:05,163,181,134,244,10:26,07:42,59,72,1.15,07:34.0,00:48:58,-4,36,Yes
Treadmill Running,7/16/23 12:21,Treadmill Running,No,6.2,482,00:47:15,157,166,149,160,07:37,06:50,--,--,1.42,01:27.9,00:46:22,--,--,Yes
Running,7/18/23 18:30,Myrtle Beach Running,Yes,3.05,286,00:24:33,177,187,154,177,08:02,06:44,7,7,1.3,00:23.0,00:24:32,78,91,Yes
Running,7/19/23 12:50,Myrtle Beach Running,No,4.4,478,00:46:32,162,181,133,172,10:34,06:37,36,59,1.14,04:18.2,00:46:25,--,36,Yes
Treadmill Running,7/21/23 17:36,Treadmill Running,No,6.21,413,00:45:50,146,163,148,159,07:23,06:45,--,--,1.47,01:30.2,00:44:45,--,--,Yes
Treadmill Running,7/24/23 12:18,Treadmill Running,No,6.01,406,00:45:05,146,165,150,161,07:30,06:39,--,--,1.43,00:03.3,00:44:51,--,--,Yes
Running,7/26/23 12:13,Myrtle Beach Running,No,4.84,510,00:49:31,162,183,136,247,10:13,06:49,82,98,1.16,08:31.7,00:48:01,--,36,Yes
Running,7/27/23 12:56,Myrtle Beach Running,No,4.62,484,00:45:51,164,183,138,249,09:55,07:22,49,56,1.18,06:09.4,00:45:42,5,36,Yes
Running,7/30/23 10:34,Myrtle Beach Running,No,5,537,00:48:39,169,186,137,229,09:43,07:01,102,125,1.21,00:02.8,00:48:32,-4,36,Yes
Running,8/1/23 13:22,Myrtle Beach Running,No,4.75,502,00:47:07,163,178,137,241,09:55,07:09,115,135,1.19,07:57.9,00:47:01,-20,36,Yes
Running,8/3/23 12:31,Myrtle Beach Running,No,4.84,486,00:48:05,159,178,139,244,09:56,07:17,66,72,1.17,08:09.0,00:47:58,5,37,Yes
Running,8/6/23 18:53,Myrtle Beach Running,No,6.04,526,00:58:14,148,172,143,241,09:39,07:36,56,66,1.17,00:18.8,00:58:05,-1,36,Yes
Running,8/8/23 10:53,Myrtle Beach Running,No,4.83,486,00:46:51,158,180,141,244,09:42,07:33,66,72,1.18,08:00.5,00:46:46,11,43,No
Treadmill Running,8/9/23 21:26,Treadmill Running,No,2.01,178,00:18:58,144,159,134,163,09:25,07:09,--,--,1.27,00:04.6,00:17:09,--,--,No
Treadmill Running,8/9/23 22:11,Treadmill Running,No,2.01,150,00:15:52,143,152,149,161,07:54,07:11,--,--,1.37,00:02.9,00:15:29,--,--,No
Running,8/13/23 12:55,Henrico County Running,No,3.74,402,00:35:51,166,182,141,241,09:36,03:23,115,121,1.19,07:15.2,00:35:24,219,259,Yes
Running,8/17/23 17:56,Myrtle Beach Running,No,6.03,646,01:00:02,165,181,140,241,09:58,07:29,174,187,1.15,00:27.9,00:59:47,-1,45,Yes
Running,8/18/23 13:22,Myrtle Beach Running,No,4.76,525,00:47:12,168,182,138,239,09:55,07:33,489,531,1.17,07:57.8,00:47:11,-26,87,Yes
Treadmill Running,8/19/23 15:15,Treadmill Running,No,3.11,259,00:25:57,151,169,150,159,08:21,07:16,--,--,1.28,00:51.6,00:25:34,--,--,Yes
Treadmill Running,8/20/23 10:36,Treadmill Running,No,10.01,749,01:24:26,149,170,149,162,08:26,07:04,--,--,1.28,00:03.0,01:22:25,--,--,Yes
Running,8/22/23 13:11,Myrtle Beach Running,No,4.78,477,00:46:07,160,185,143,244,09:39,00:56,43,59,1.16,07:25.6,00:45:45,-3,36,Yes
Running,8/24/23 13:20,Myrtle Beach Running,No,3,259,00:28:15,148,163,144,244,09:24,07:59,30,36,1.18,00:01.7,00:27:43,12,40,Yes
Treadmill Running,8/27/23 11:31,Treadmill Running,No,13.11,879,01:38:41,146,170,153,162,07:32,06:59,--,--,1.4,00:49.2,01:37:31,--,--,No
Running,8/31/23 18:45,Myrtle Beach Running,No,7.05,656,01:06:50,157,175,140,244,09:29,02:39,30,66,1.22,00:27.1,01:06:42,-7,37,Yes
Running,9/1/23 13:12,Myrtle Beach Running,No,5.02,496,00:47:17,160,176,143,247,09:25,07:33,49,52,1.19,00:15.0,00:47:15,6,36,Yes
Running,9/3/23 18:00,Georgetown County Running,Yes,3,284,00:23:31,177,183,155,176,07:50,06:10,30,13,1.31,07:15.1,00:23:27,83,110,Yes
Treadmill Running,9/4/23 11:45,Treadmill Running,No,16.21,"1,037",02:03:56,150,172,147,163,07:39,06:34,--,--,1.41,00:02.0,02:00:06,--,--,Yes
Running,9/4/23 18:22,Myrtle Beach Running,No,4.05,366,00:42:11,145,179,135,238,10:25,07:51,49,62,1.14,00:28.2,00:42:03,1,36,Yes
Running,9/6/23 18:33,Myrtle Beach Running,No,3.3,320,00:29:12,164,180,149,168,08:51,06:03,43,36,1.21,02:32.3,00:28:46,16,42,Yes
Running,9/8/23 13:43,Myrtle Beach Running,No,5.01,492,00:46:54,161,175,142,247,09:22,07:06,43,52,1.21,00:04.2,00:46:15,10,40,Yes
Running,9/12/23 13:13,Myrtle Beach Running,No,5.02,495,00:47:53,158,178,144,247,09:32,03:16,827,52,1.17,00:14.2,00:47:25,798,827,Yes
Running,9/14/23 13:18,Myrtle Beach Running,No,5,485,00:46:34,159,172,144,163,09:18,07:17,49,49,1.2,00:00.8,00:46:22,9,39,Yes
Running,9/16/23 09:39,Myrtle Beach Running,No,4.07,351,00:35:34,153,177,151,249,08:45,07:02,43,59,1.22,00:35.2,00:35:32,14,48,Yes
Running,9/24/23 10:03,Odense Running,Yes,26.61,"2,177",04:06:41,162,179,152,249,09:16,06:51,361,397,1.14,04:52.1,04:06:12,-545,-469,No
Running,10/2/23 13:42,Henrico County Running,No,5.15,486,00:45:31,162,176,151,243,08:50,07:16,66,66,1.21,00:24.5,00:43:51,234,263,Yes
Running,10/3/23 15:06,Henrico County Running,No,5.16,501,00:45:32,160,174,145,247,08:50,07:40,85,85,1.2,01:26.2,00:46:50,238,264,Yes
Running,10/5/23 14:13,Henrico County Running,No,4.7,416,00:45:27,146,172,146,244,09:41,07:59,72,72,1.14,06:30.8,00:45:01,238,268,Yes
Running,10/7/23 08:31,Henrico County Running,No,3.4,331,00:31:29,158,174,149,165,09:15,03:37,89,85,1.17,03:44.9,00:31:28,245,281,Yes
Running,10/13/23 12:46,Myrtle Beach Running,No,5.06,482,00:46:36,158,173,144,196,09:12,07:32,66,66,1.21,00:30.7,00:46:21,14,49,Yes
Running,10/14/23 07:00,Myrtle Beach Running,Yes,13.27,"1,346",01:54:45,175,191,159,171,08:39,07:19,85,92,1.17,02:06.7,01:54:41,7,38,Yes
Treadmill Running,10/18/23 20:11,Treadmill Running,No,4.01,323,00:33:04,152,198,149,161,08:15,07:18,--,--,1.31,00:02.4,00:32:57,--,--,Yes
Running,10/20/23 08:15,Myrtle Beach Running,No,2.45,239,00:20:32,171,180,156,168,08:24,07:20,36,26,1.23,03:34.7,00:20:31,33,60,Yes
Running,10/25/23 18:31,Myrtle Beach Running,No,3.26,304,00:29:52,152,174,154,174,09:09,05:42,312,26,1.14,02:16.8,00:29:24,-7,16,Yes
Treadmill Running,10/25/23 19:53,Treadmill Running,No,6.02,448,00:50:26,154,170,146,212,08:23,05:50,--,--,1.34,03:52.1,00:43:31,--,--,Yes
Running,10/27/23 13:21,Myrtle Beach Running,No,2.5,227,00:21:59,155,175,148,163,08:47,07:35,30,30,1.24,05:00.0,00:21:52,18,44,Yes
Running,10/29/23 10:25,Myrtle Beach Running,No,6.51,633,00:56:24,166,183,155,247,08:40,06:19,79,79,1.2,03:58.9,00:56:21,6,44,Yes
Running,10/31/23 12:30,Myrtle Beach Running,No,6.82,509,00:59:38,146,168,148,239,08:45,01:48,82,62,1.2,00:11.6,00:54:35,30,58,Yes
Running,11/1/23 18:32,Myrtle Beach Running,No,3.27,289,00:27:55,150,169,160,171,08:33,08:03,23,30,1.17,02:15.9,00:27:51,-3,18,Yes
Running,11/4/23 06:01,Myrtle Beach Running,No,8.04,772,01:18:57,151,174,154,246,09:49,06:34,92,72,1.07,00:24.1,01:17:42,-5,34,No
Running,11/6/23 12:56,Myrtle Beach Running,No,5.03,461,00:45:58,151,173,146,225,09:09,07:23,89,56,1.2,00:14.9,00:45:56,32,69,Yes
Running,11/9/23 13:36,Myrtle Beach Running,No,6,561,00:54:33,156,172,146,244,09:06,06:20,72,69,1.21,08:24.5,00:54:27,24,60,Yes
Running,11/11/23 09:34,Myrtle Beach Running,No,10.1,903,01:30:14,156,174,153,246,08:56,06:51,112,92,1.18,00:53.2,01:29:33,21,63,Yes
Running,11/13/23 13:47,Myrtle Beach Running,No,5.51,526,00:47:47,158,181,152,243,08:40,07:21,92,82,1.22,04:22.2,00:47:40,18,61,No
Running,11/15/23 18:31,Myrtle Beach Running,No,3.16,284,00:28:04,147,166,156,166,08:52,08:00,30,52,1.16,01:28.2,00:27:38,-5,19,Yes
Running,11/18/23 06:03,Myrtle Beach Running,No,13.02,"1,072",01:56:36,153,171,155,249,08:57,07:26,118,138,1.16,00:09.4,01:55:53,-5,37,Yes
Running,11/20/23 15:03,Henrico County Running,No,4.5,393,00:40:19,145,165,153,235,08:57,02:17,141,125,1.18,04:31.3,00:39:53,243,313,Yes
Running,11/22/23 10:18,Henrico County Running,No,5,464,00:44:04,152,167,153,246,08:49,07:04,164,138,1.2,00:01.3,00:43:43,246,322,Yes
Running,11/26/23 13:56,Myrtle Beach Running,No,7.01,660,01:02:05,155,174,152,249,08:51,07:35,118,43,1.19,00:05.6,01:01:52,35,114,Yes
Running,11/29/23 13:23,Myrtle Beach Running,No,6.01,555,00:51:38,157,176,152,249,08:36,07:07,108,69,1.23,00:02.4,00:51:36,30,77,Yes
Running,11/29/23 18:31,Myrtle Beach Running,No,3.4,260,00:28:37,138,151,157,169,08:25,06:57,20,26,1.21,03:12.3,00:28:02,17,37,Yes
Running,12/1/23 13:42,Myrtle Beach Running,No,6.03,536,00:52:03,154,169,153,248,08:38,06:36,95,75,1.22,00:13.5,00:51:52,22,56,Yes
Running,12/2/23 06:07,Myrtle Beach Running,No,11.08,"1,038",01:41:06,155,183,155,246,09:08,07:04,92,89,1.14,00:38.0,01:40:36,10,52,Yes
Running,12/4/23 13:35,Myrtle Beach Running,No,4.1,375,00:36:04,150,167,149,160,08:48,07:30,62,52,1.23,00:53.1,00:35:30,26,55,Yes
Running,12/6/23 18:34,Myrtle Beach Running,No,3.45,333,00:30:39,153,167,157,169,08:53,06:45,39,26,1.16,04:16.0,00:30:13,18,49,Yes
Running,12/9/23 09:08,Cozumel Running,No,0.25,22,02:19.6,137,154,155,240,09:22,06:10,10,--,1.11,02:19.6,02:19.6,62,78,Yes
Running,12/9/23 10:02,Cozumel Running,No,0.48,45,05:03.0,131,143,143,203,10:37,08:54,--,--,1.06,05:03.0,00:04:41,65,69,Yes
Running,12/10/23 06:09,Cozumel Running,Yes,26.79,"2,507",04:58:04,155,179,135,250,11:08,08:00,210,213,1.07,08:04.5,04:52:45,-63,-14,Yes
Running,12/14/23 18:01,Myrtle Beach Running,Yes,1.83,124,00:12:45,142,156,166,181,06:57,05:42,13,--,1.4,05:53.7,00:12:40,39,55,Yes
Running,12/16/23 06:06,Myrtle Beach Running,No,14.4,"1,027",02:29:01,134,153,155,170,10:21,06:59,112,98,1,04:05.2,02:28:27,14,44,Yes
Running,12/20/23 18:31,Myrtle Beach Running,No,3.3,289,00:27:40,151,168,156,166,08:23,06:52,43,20,1.23,02:32.6,00:27:30,25,55,Yes
Running,12/23/23 06:07,Myrtle Beach Running,No,12.25,903,01:49:18,144,161,160,169,08:55,02:07,75,69,1.13,02:14.7,01:49:13,-1,28,No
Running,12/25/23 14:56,Myrtle Beach Running,No,8.16,664,01:12:45,147,167,149,243,08:55,07:06,89,66,1.21,01:16.1,01:12:25,30,63,No
Running,12/27/23 12:39,Myrtle Beach Running,No,6.71,580,00:59:11,148,171,147,235,08:49,05:12,72,59,1.24,06:02.5,00:59:02,20,51,Yes
Treadmill Running,12/29/23 13:22,Treadmill Running,No,3.21,235,00:23:22,143,162,153,159,07:17,07:03,--,--,1.44,01:30.1,00:23:22,--,--,Yes
Running,12/30/23 11:31,Myrtle Beach Running,No,13.11,"1,111",01:53:39,152,170,149,246,08:40,06:36,194,141,1.19,00:50.6,01:56:53,26,97,Yes
Running,1/2/24 13:34,Myrtle Beach Running,No,5.6,427,00:49:17,137,156,151,245,08:48,07:22,102,85,1.21,05:06.2,00:49:09,29,66,Yes
Running,1/3/24 18:35,Myrtle Beach Running,No,3.3,251,00:34:18,125,135,152,163,10:24,07:14,43,20,1.02,02:59.1,00:33:52,20,51,Yes
Running,1/6/24 06:11,Myrtle Beach Running,No,15.24,"1,349",02:20:50,153,176,159,201,09:15,07:55,289,217,1.09,02:04.1,02:20:33,25,119,Yes
Running,1/8/24 14:45,Myrtle Beach Running,No,5.55,381,00:48:32,131,148,153,239,08:45,06:49,89,79,1.2,04:30.1,00:48:25,33,73,Yes
Running,1/10/24 13:30,Myrtle Beach Running,No,5.36,424,00:46:06,139,157,154,243,08:36,07:28,79,59,1.21,03:06.1,00:45:50,33,71,Yes
Running,1/10/24 18:31,Myrtle Beach Running,No,3.41,316,00:28:58,149,166,157,166,08:29,06:58,43,13,1.21,03:39.5,00:28:55,24,60,Yes
Running,1/16/24 14:00,Myrtle Beach Running,No,5.03,454,00:42:26,150,165,154,163,08:26,07:16,459,46,1.24,00:15.4,00:42:18,294,325,Yes
Running,1/17/24 18:32,Myrtle Beach Running,No,3.46,299,00:30:08,141,160,156,162,08:42,07:46,49,36,1.19,04:00.8,00:30:01,26,55,Yes
Treadmill Running,1/17/24 19:33,Treadmill Running,No,2.04,148,00:15:25,136,149,153,160,07:33,07:12,--,--,1.39,00:17.3,00:15:17,--,--,Yes
Running,1/18/24 13:14,Myrtle Beach Running,No,6.3,519,00:50:44,146,181,156,168,08:03,06:22,118,69,1.28,02:16.0,00:50:42,30,96,Yes
Running,1/20/24 07:00,Charleston Running,Yes,13.25,"1,196",01:39:08,167,181,169,227,07:29,06:37,33,56,1.27,01:43.8,01:39:05,-10,37,Yes
Running,1/23/24 14:17,Myrtle Beach Running,No,6.02,551,00:48:00,156,170,159,168,07:59,01:54,92,85,1.26,00:06.7,00:48:02,18,64,Yes
Running,1/24/24 06:03,Myrtle Beach Running,No,5,407,00:45:08,138,164,148,194,09:02,05:43,43,36,1.2,00:47.9,00:43:33,5,26,No
Running,1/24/24 18:31,Myrtle Beach Running,No,3.44,309,00:26:48,156,173,161,170,07:47,06:41,16,23,1.29,03:29.6,00:26:46,18,41,No
Running,1/25/24 05:49,Myrtle Beach Running,No,0.6,54,05:35.3,134,149,153,164,09:21,08:26,7,--,1.12,05:35.3,00:05:26,33,48,Yes
Running,1/25/24 06:06,Myrtle Beach Running,No,6.01,468,01:00:31,128,152,156,166,10:05,04:33,246,180,1.03,00:00:02,01:00:06,41,105,Yes
Running,1/27/24 05:44,Myrtle Beach Running,No,18.3,"1,343",02:37:49,140,160,155,172,08:37,06:49,161,174,1.09,04:09.0,02:46:50,-7,35,Yes
Running,1/30/24 14:30,Myrtle Beach Running,No,2.5,205,00:20:34,142,150,159,166,08:14,07:47,13,13,1.23,04:11.1,00:20:25,59,81,Yes
Running,1/31/24 06:06,Myrtle Beach Running,No,5.04,403,00:45:21,140,156,150,186,08:59,06:04,75,72,1.17,00:44.7,00:43:45,12,39,No
Running,2/2/24 14:28,Myrtle Beach Running,No,4.63,425,00:38:31,152,169,157,169,08:19,01:21,75,56,1.23,05:10.9,00:38:25,22,69,Yes
Running,2/3/24 05:34,Myrtle Beach Running,No,3.01,293,00:24:53,158,177,161,170,08:16,07:09,36,7,1.21,00:04.7,00:24:35,33,68,No
Running,2/3/24 06:07,Myrtle Beach Running,No,6.01,559,00:53:21,153,172,164,171,08:53,08:06,49,43,1.1,00:08.1,00:53:19,16,47,No
Running,2/3/24 07:05,Horry County Running,No,13.02,"1,084",01:54:25,151,172,163,178,08:47,05:57,167,148,1.08,00:07.5,01:58:22,28,70,No
Treadmill Running,2/5/24 20:06,Treadmill Running,No,3.1,168,00:24:25,122,133,149,161,07:52,07:19,--,--,1.37,00:44.8,00:23:36,--,--,Yes
Running,2/7/24 06:01,Myrtle Beach Running,No,4.2,351,00:36:27,146,164,164,189,08:41,06:08,69,62,1.12,00:17.1,00:36:18,35,54,No
Running,2/15/24 06:04,Myrtle Beach Running,No,2.03,201,00:18:58,147,161,171,184,09:19,08:32,30,125,1.01,00:21.2,00:18:38,22,53,Yes
Running,2/27/24 19:34,Myrtle Beach Running,No,0.1,5,00:54.9,106,128,145,170,09:08,08:24,--,--,1.21,00:54.9,00:54.9,30,37,Yes
Running,2/29/24 05:59,Myrtle Beach Running,No,3.05,323,00:26:43,161,172,173,181,08:45,07:49,36,13,1.07,00:29.5,00:26:42,33,66,No
Running,3/2/24 06:35,Myrtle Beach Running,Yes,26.44,"2,362",04:54:41,138,183,143,250,11:09,07:05,125,148,1.01,03:50.0,04:52:17,24,83,Yes
Running,3/31/24 09:56,Myrtle Beach Running,No,2.73,249,00:40:11,116,130,118,150,14:43,11:38,36,39,0.93,00:10:37,00:38:55,14,37,Yes
Running,4/14/24 19:55,Myrtle Beach Running,No,6.2,595,01:05:48,143,165,136,244,10:37,07:28,79,79,1.12,01:55.4,01:05:25,19,54,Yes
Running,4/16/24 20:47,Myrtle Beach Running,No,3.24,279,00:35:18,130,158,133,163,10:54,08:03,20,20,1.11,02:06.3,00:35:17,32,47,Yes
Running,4/17/24 18:32,Myrtle Beach Running,No,3.26,306,00:34:34,138,160,135,164,10:36,07:19,49,75,1.13,02:42.4,00:33:56,20,47,Yes
Running,4/22/24 13:30,Henrico County Running,No,3.4,292,00:32:37,136,171,149,246,09:35,06:49,79,72,1.12,03:57.0,00:32:04,163,212,No
Running,4/25/24 17:14,Myrtle Beach Running,No,3.4,303,00:32:14,142,174,144,246,09:29,07:08,7,7,1.18,03:15.2,00:32:12,33,49,Yes
Running,4/27/24 06:45,Sunset Beach Running,Yes,13.2,"1,368",01:53:32,168,194,163,235,08:36,06:24,197,217,1.15,01:20.2,01:53:19,85,167,No
Running,5/4/24 08:23,Myrtle Beach Running,No,3.2,322,00:27:33,164,187,155,173,08:37,06:09,30,49,1.21,01:34.8,00:27:24,11,41,Yes
Running,5/8/24 06:10,Myrtle Beach Running,No,5.6,571,00:49:22,166,185,154,248,08:49,07:05,72,102,1.18,04:59.9,00:49:21,-4,37,No
Running,5/11/24 06:23,Myrtle Beach Running,No,2.01,181,00:16:33,154,170,160,170,08:15,07:03,7,30,1.22,00:02.8,00:16:28,23,47,Yes
Running,5/13/24 18:46,Myrtle Beach Running,No,2,186,00:16:42,156,168,157,168,08:20,07:26,20,--,1.23,08:19.7,00:16:37,36,60,No
Running,5/15/24 12:09,Myrtle Beach Running,No,2.21,180,00:18:26,145,176,156,166,08:19,07:20,7,23,1.24,01:42.4,00:18:16,19,41,Yes
Running,5/15/24 18:30,Myrtle Beach Running,No,3.34,324,00:28:19,164,178,157,174,08:28,07:17,30,36,1.21,02:52.3,00:28:09,7,31,Yes
Running,5/17/24 12:46,Myrtle Beach Running,No,2.04,155,00:17:07,137,166,157,168,08:24,07:28,13,7,1.22,00:17.5,00:16:49,24,38,Yes
Treadmill Running,5/19/24 19:35,Treadmill Running,No,2.51,180,00:17:37,152,181,157,164,07:02,06:37,--,--,1.45,03:30.8,00:17:36,--,--,Yes
Running,5/21/24 14:48,Myrtle Beach Running,No,2.12,194,00:17:14,160,171,160,168,08:08,07:16,13,13,1.24,00:58.2,00:17:08,34,47,Yes
Running,5/22/24 18:32,Myrtle Beach Running,No,2.15,193,00:18:25,149,166,158,173,08:33,07:09,7,36,1.2,01:17.5,00:17:53,--,30,Yes
Running,5/22/24 18:52,Myrtle Beach Running,No,1.52,112,00:12:57,148,164,145,209,08:31,05:34,7,7,1.13,01:50.4,00:10:56,2,18,Yes
Running,5/24/24 14:08,Myrtle Beach Running,No,9.42,753,01:20:07,157,183,144,250,08:30,05:50,105,105,1.19,06:30.6,01:11:55,6,42,Yes
Treadmill Running,5/28/24 19:29,Treadmill Running,No,7.01,537,00:51:23,151,171,154,229,07:20,06:39,--,--,1.43,00:02.7,00:50:29,--,--,Yes
Running,5/29/24 18:32,Myrtle Beach Running,No,3.38,325,00:31:41,150,169,145,195,09:22,04:36,30,33,1.18,03:29.8,00:30:34,11,31,Yes
Treadmill Running,5/29/24 20:20,Treadmill Running,No,3.02,214,00:23:45,135,148,148,216,07:52,07:08,--,--,1.38,00:09.2,00:23:02,--,--,Yes
Running,5/31/24 16:43,Running,No,0.7,30,00:06:21,134,149,83,160,09:04,08:10,--,--,1.18,03:21.2,00:01:45,12,17,Yes
Treadmill Running,5/31/24 20:37,Treadmill Running,No,1.33,105,00:10:01,145,159,155,162,07:30,07:03,--,--,1.38,02:27.7,09:54.7,--,--,Yes
Running,6/1/24 06:03,Myrtle Beach Running,No,9.51,935,01:17:19,168,189,162,183,08:08,06:37,30,56,1.22,04:03.9,01:17:17,-9,43,No
Running,6/3/24 12:19,Myrtle Beach Running,No,4.1,385,00:34:34,158,179,155,239,08:25,07:22,59,66,1.23,00:45.3,00:34:32,7,39,Yes
Running,6/8/24 08:03,New York Running,Yes,6.31,598,00:46:48,178,187,163,241,07:25,06:02,157,213,1.33,02:10.7,00:46:46,68,131,No
Treadmill Running,6/10/24 19:12,Treadmill Running,No,2.01,128,00:14:39,133,146,152,219,07:18,05:54,--,--,1.45,00:02.7,00:14:38,--,--,No
Running,6/12/24 18:32,Myrtle Beach Running,No,3.44,331,00:30:15,157,173,153,188,08:48,05:10,36,43,1.2,04:00.0,00:29:46,11,33,Yes
Running,6/13/24 18:03,Myrtle Beach Running,No,5.27,477,01:02:29,140,174,110,177,11:51,05:43,79,92,1.07,00:52.6,00:57:47,-7,37,Yes
Running,6/15/24 06:04,Myrtle Beach Running,No,10.2,949,01:25:38,165,191,154,249,08:24,05:25,36,66,1.22,01:26.4,01:25:15,-23,29,Yes
Running,6/17/24 21:20,Myrtle Beach Running,No,1,88,08:52.8,142,159,152,161,08:51,08:10,7,7,1.19,00:02.4,00:08:45,32,45,Yes
Running,6/17/24 21:45,Myrtle Beach Running,No,1.01,90,08:34.9,148,157,156,164,08:28,07:56,7,7,1.22,00:06.5,08:29.5,30,43,Yes
Running,6/18/24 12:23,Myrtle Beach Running,No,6.35,589,00:54:53,157,173,151,249,08:38,07:05,105,118,1.23,03:04.8,00:54:45,-7,38,Yes
Running,6/19/24 18:29,Myrtle Beach Running,No,3.3,301,00:30:06,146,158,150,169,09:07,07:10,59,59,1.18,03:00.5,00:29:01,17,46,Yes
Running,6/19/24 20:09,Myrtle Beach - W1 Wed Hills - Drop Set Hill Rep,No,5.7,537,00:50:50,155,172,147,247,08:55,01:12,315,338,1.23,00:00:20,00:49:53,14,68,Yes
Running,6/20/24 18:04,Myrtle Beach Running,No,4.81,415,00:55:27,131,170,116,232,11:32,06:00,95,72,1.12,00:42.3,00:53:09,31,70,No
Running,6/22/24 07:58,Myrtle Beach - W1 Sat Long Run - 11.2mi Moderat,No,11.25,"1,073",01:39:43,163,183,146,209,08:52,06:39,269,233,1.24,00:21.2,01:38:35,-26,36,Yes
Running,6/24/24 07:03,Myrtle Beach - W2 Mon Easy Run - 6.2mi Easy Run,No,6.22,633,00:51:38,169,182,158,172,08:18,07:13,177,167,1.23,00:06.0,00:51:25,-16,36,Yes
Running,6/25/24 18:33,Myrtle Beach Running,No,0.57,48,06:00.3,125,140,148,225,10:37,05:49,10,7,1.02,06:00.3,00:05:45,14,30,Yes
Running,6/25/24 18:48,Myrtle Beach Running,No,0.92,75,00:11:28,122,145,104,202,12:25,03:54,7,52,1.2,00:07.1,00:10:04,-37,-25,Yes
Running,6/25/24 19:02,Myrtle Beach Running,No,0.93,92,00:10:47,134,148,127,206,11:37,02:22,20,16,1.12,00:07.0,00:10:00,-51,-28,Yes
Running,6/25/24 20:17,Myrtle Beach - W2 Tue Intervals - 0.6mi Repeats,No,2.82,247,00:23:41,153,175,151,241,08:24,04:52,30,20,1.25,00:02.4,00:23:39,28,52,Yes
Running,6/26/24 18:32,Myrtle Beach Running,No,3.4,321,00:30:10,151,169,158,226,08:52,06:10,30,36,1.15,03:19.6,00:30:01,5,31,Yes
Running,6/27/24 07:03,Myrtle Beach - W2 Thu Tempo - Rolling 300s (5.8,No,6.01,595,00:50:04,168,188,152,250,08:19,06:10,30,20,1.27,00:01.0,00:49:33,13,40,Yes
Running,6/29/24 06:02,Myrtle Beach - W2 Sat Long Run - 12.4mi Long Ru,No,12.43,"1,201",01:44:32,169,180,158,175,08:24,07:11,49,92,1.21,00:11.4,01:44:01,-33,31,Yes
Running,7/1/24 07:00,Myrtle Beach - W3 Mon Easy Run - 6.8mi Easy Run,No,7.03,686,01:00:07,163,175,158,249,08:33,07:19,246,266,1.19,01:42.8,00:59:27,-10,45,No
Running,7/2/24 06:59,Myrtle Beach - W3 Tue Hills - Progressive Hill,No,7.35,662,01:01:33,160,178,157,249,08:23,05:36,374,390,1.22,00:01.6,01:01:22,-5,83,Yes
Running,7/2/24 18:48,Myrtle Beach Running,No,2.11,182,00:30:55,119,147,86,204,14:37,02:37,243,220,1.18,00:01.9,00:21:05,20,62,Yes
Running,7/2/24 19:25,Myrtle Beach Running,No,0.37,31,03:52.0,125,134,153,164,10:33,09:22,13,20,1,03:52.0,00:03:45,25,43,Yes
Running,7/3/24 07:04,Myrtle Beach - W3 Wed Tempo - Progressive Run (,No,5.82,526,00:46:45,161,175,162,246,08:02,06:33,138,187,1.24,01:30.3,00:46:15,-14,42,Yes
Running,7/3/24 18:33,Myrtle Beach Running,No,3.23,300,00:27:29,153,168,163,175,08:30,06:59,59,66,1.16,01:54.7,00:27:15,-16,18,Yes
Running,7/4/24 07:06,Myrtle Beach Running,Yes,3.14,270,00:22:47,166,180,168,191,07:15,06:21,--,7,1.32,00:56.6,00:22:46,30,43,No
Running,7/6/24 05:31,Myrtle Beach - W3 Sat Long Run - 13.7mi Moderat,No,8.65,814,01:17:35,155,168,162,189,08:58,07:53,220,249,1.11,01:46.1,01:16:51,-33,36,No
Running,7/9/24 18:33,Myrtle Beach Running,No,0.57,48,05:22.0,133,147,155,164,09:24,07:34,--,13,1.11,05:22.0,00:04:49,10,29,Yes
Treadmill Running,7/10/24 20:11,W4 Wed Tempo - Tempo 4k (4.3mi),No,0.4,27,03:22.5,127,139,156,165,08:27,07:33,--,--,1.22,03:22.5,00:03:16,--,--,Yes
Running,7/11/24 13:19,Running,No,0.51,31,03:53.8,126,140,157,168,07:38,08:35,--,--,1.09,03:53.8,00:03:44,7,12,Yes
Treadmill Running,7/12/24 13:58,W4 Fri Easy Run - 6.2mi Easy Run,No,6.21,407,00:49:39,136,145,156,168,08:00,07:25,--,--,1.29,00:03.7,00:49:00,--,--,Yes
Running,7/13/24 05:31,Myrtle Beach - W4 Sat Long Run - 7.5mi Long Run,No,14,"1,270",01:58:55,166,178,158,247,08:30,06:43,364,404,1.2,03:57.1,01:57:46,-42,36,Yes
Running,7/15/24 07:05,Myrtle Beach - W5 Mon Intervals - 0.6mi Repeats,No,7,715,01:00:26,172,182,158,244,08:38,07:21,338,394,1.18,00:07.1,00:59:55,-35,36,Yes
Running,7/16/24 18:33,Myrtle Beach Running,No,0.6,50,05:53.7,131,149,150,162,09:49,08:36,--,23,1.09,05:53.7,00:05:46,5,29,Yes
Running,10/26/24 07:01,Brunswick County Running,Yes,6.23,626,00:51:48,175,191,156,232,08:18,05:44,135,141,1.24,03:45.0,00:51:40,4,85,No
Running,11/1/24 09:23,New York Running,No,3.72,392,00:46:24,139,172,109,167,12:27,05:07,118,82,1.19,09:09.6,00:35:43,72,125,No
Running,11/2/24 08:48,New York Running,Yes,3.21,264,00:22:56,166,188,165,195,07:09,05:03,95,59,1.36,01:30.0,00:22:49,125,177,Yes
Running,11/14/24 14:10,Henrico County Running,No,4.01,434,00:38:59,163,187,146,250,09:44,05:56,112,269,1.13,00:02.2,00:38:46,216,276,Yes
Running,11/16/24 10:36,Henrico County Running,No,6.23,478,00:52:19,164,188,149,243,08:24,07:41,125,108,1.15,04:36.4,00:42:09,205,261,Yes
Running,11/22/24 12:39,Myrtle Beach Running,No,6.23,629,00:59:36,159,181,146,247,09:34,07:34,141,115,1.15,01:58.2,00:59:28,31,78,Yes
Running,11/23/24 12:08,Myrtle Beach Running,No,6.36,646,01:00:27,163,187,144,249,09:30,06:38,102,66,1.17,02:55.9,01:00:16,31,79,Yes
Running,11/27/24 07:16,Myrtle Beach Running,No,3.16,290,00:24:31,173,187,159,168,07:46,06:08,56,20,1.31,01:05.2,00:24:10,35,81,Yes
Running,11/28/24 08:05,Surfside Beach Running,Yes,6.11,590,00:50:52,172,184,156,239,08:19,04:57,36,43,1.24,00:37.7,00:50:48,-8,31,No
Running,11/30/24 12:06,Myrtle Beach Running,No,4.08,377,00:36:54,159,174,151,249,09:02,06:57,82,43,1.18,00:39.7,00:36:35,34,85,Yes
Treadmill Running,11/30/24 15:33,Treadmill Running,No,7.02,504,00:52:43,148,159,154,162,07:31,07:09,--,--,1.39,00:06.9,00:52:34,--,--,Yes
Running,12/5/24 14:25,Henrico County Running,No,1.66,149,00:15:34,147,169,149,173,09:24,07:23,79,46,1.15,06:55.3,00:15:14,206,268,Yes
Running,12/18/24 12:43,Henrico County Running,No,5.01,494,00:43:55,167,190,145,243,08:46,07:00,148,98,1.26,00:02.6,00:43:19,166,243,Yes
Running,12/19/24 13:12,Henrico County Running,No,5.12,497,00:45:22,164,185,149,249,08:51,05:56,161,108,1.22,00:54.0,00:44:43,171,237,Yes
Running,12/20/24 11:14,Henrico County Running,No,5.2,493,00:44:10,167,188,151,248,08:30,06:25,167,108,1.26,01:38.9,00:43:47,171,255,Yes
Running,12/21/24 10:04,Henrico County Running,No,3.1,295,00:28:51,157,181,150,237,09:18,06:51,89,75,1.16,00:49.2,00:28:40,165,230,No
Treadmill Running,12/22/24 13:09,Treadmill Running,No,6.2,441,00:54:29,145,158,152,225,08:47,05:02,--,--,1.38,01:30.7,00:47:08,--,--,Yes
Treadmill Running,12/23/24 13:12,Treadmill Running,No,1,79,07:37.4,151,162,155,222,07:36,07:06,--,--,1.36,00:02.0,00:07:29,--,--,Yes
Running,12/25/24 16:26,Myrtle Beach Running,No,2.3,214,00:21:47,150,172,146,243,09:28,07:29,46,30,1.16,02:56.0,00:21:28,36,73,No
Running,12/25/24 17:04,Myrtle Beach Running,No,1.02,95,08:31.9,163,170,158,167,08:20,07:46,--,--,1.22,00:11.6,00:08:24,73,81,No
Treadmill Running,12/28/24 14:10,Treadmill Running,No,10.01,858,01:24:17,162,175,151,160,08:25,07:12,--,--,1.36,00:04.9,01:17:40,--,--,Yes
Treadmill Running,12/30/24 17:53,Treadmill Running,No,6,494,00:48:27,153,174,148,161,08:04,07:20,--,--,1.35,00:01.9,00:47:28,--,--,Yes
Treadmill Running,12/31/24 14:39,Treadmill Running,No,6.02,476,00:48:45,149,160,148,163,08:06,07:08,--,--,1.34,00:08.6,00:47:10,--,--,Yes
Treadmill Running,1/2/25 16:59,Treadmill Running,No,7.01,556,00:55:17,152,162,150,234,07:53,06:56,--,--,1.36,00:04.1,00:54:19,--,--,Yes
Treadmill Running,1/4/25 11:34,Treadmill Running,No,10.01,780,01:18:20,154,167,150,249,07:49,04:50,--,--,1.37,00:04.6,01:17:42,--,--,Yes
Treadmill Running,1/6/25 18:13,Treadmill Running,No,3,235,00:22:49,149,159,151,240,07:36,06:13,--,--,1.11,03:29.0,00:22:47,--,--,Yes
Treadmill Running,1/8/25 07:10,Treadmill Running,No,6.21,509,00:47:44,156,169,154,222,07:41,07:10,--,--,1.36,01:32.9,00:47:17,--,--,No
Treadmill Running,1/15/25 07:11,Treadmill Running,No,7.21,610,00:57:11,157,170,149,159,07:56,07:26,--,--,1.36,01:35.4,00:56:28,--,--,Yes
Treadmill Running,1/17/25 14:25,Treadmill Running,No,7,537,00:54:39,149,163,151,247,07:48,04:52,--,--,1.37,00:02.0,00:54:37,--,--,Yes
Treadmill Running,1/18/25 15:44,Treadmill Running,No,5.01,414,00:39:30,154,167,150,213,07:53,07:08,--,--,1.36,00:01.7,00:39:18,--,--,Yes
Running,1/18/25 17:29,Myrtle Beach Running,No,3.01,286,00:27:25,155,168,148,243,09:07,06:50,59,30,1.19,00:03.6,00:27:18,36,72,Yes
Treadmill Running,1/20/25 16:39,Treadmill Running,No,7.01,558,00:53:34,155,166,150,225,07:39,07:03,--,--,1.4,00:02.4,00:52:48,--,--,Yes
Treadmill Running,1/24/25 16:49,Treadmill Running,No,8,615,01:00:56,152,171,150,158,07:37,07:13,--,--,1.41,00:01.7,01:00:50,--,--,Yes
Running,1/25/25 14:04,Myrtle Beach - 2025-01-25 Threshold Repeats,No,6.81,672,01:00:41,166,181,149,248,08:55,07:09,131,102,1.21,00:41.0,01:00:32,33,84,Yes
Treadmill Running,1/26/25 12:26,2025-01-26 Easy Run,No,4.03,302,00:30:01,151,166,152,159,07:27,07:03,--,--,1.42,00:03.8,00:29:51,--,--,No
Running,1/27/25 16:36,Myrtle Beach - 2025-01-27 Easy Run,No,3.35,290,00:30:33,147,172,146,163,09:06,07:26,59,13,1.21,01:27.1,00:30:31,33,83,Yes
Running,1/29/25 07:10,Myrtle Beach - 2025-01-29 Fartleks,No,7.45,663,01:05:00,157,174,151,248,08:44,06:38,115,102,1.22,00:05.3,01:04:22,31,79,No
Treadmill Running,1/30/25 07:17,2025-01-30 Easy Run,No,4.2,333,00:30:03,158,171,154,222,07:10,05:51,--,--,1.46,00:45.1,00:29:57,--,--,Yes
Running,2/1/25 06:05,Myrtle Beach - 2025-02-01 Long Run,No,8.32,812,01:13:55,161,178,154,169,08:53,06:52,62,79,1.17,01:03.6,01:13:13,-62,5,No
Running,2/2/25 11:12,Myrtle Beach - 2025-02-02 Easy Run,No,3.22,285,00:28:08,149,165,153,237,08:44,07:17,79,52,1.2,01:53.6,00:28:00,36,71,Yes
Treadmill Running,2/3/25 07:17,2025-02-03 Easy Run,No,3.25,261,00:25:07,148,163,156,163,07:44,06:50,--,--,1.34,00:06.6,00:25:05,--,--,Yes
Running,2/5/25 07:08,Myrtle Beach - 2025-02-05 MAV Shuttles,No,8,753,01:10:30,162,180,151,246,08:49,05:47,121,115,1.21,00:00:20,01:10:08,23,72,Yes
Running,2/6/25 14:13,Myrtle Beach - 2025-02-06 Easy Run,No,2.81,250,00:25:00,145,170,147,241,08:55,07:17,43,23,1.22,00:05.2,00:25:00,33,66,No
Running,2/8/25 06:05,Myrtle Beach - 2025-02-08 Long Run,No,10.02,986,01:29:02,161,175,158,248,08:53,07:09,69,79,1.14,00:22.2,01:28:57,-43,7,No
Running,2/9/25 15:28,Myrtle Beach - 2025-02-09 Easy Run,No,2.06,185,00:20:02,139,156,147,240,09:42,05:46,23,7,1.13,00:02.3,00:19:24,35,56,Yes
Running,2/10/25 17:15,Myrtle Beach - 2025-02-10 Easy Run,No,2.8,239,00:25:19,142,159,151,238,09:02,07:11,56,36,1.18,00:18.9,00:25:09,34,75,No
Running,2/12/25 16:42,Myrtle Beach Running,No,8.1,729,01:10:13,153,176,152,244,08:40,06:22,118,82,1.22,00:43.4,01:09:39,35,110,No
Running,2/15/25 15:24,Henrico County - 2025-02-15 Easy Run,No,2.33,187,00:20:49,136,155,154,243,08:57,06:39,105,46,1.16,00:37.9,00:20:48,165,252,No
Running,2/16/25 13:44,Henrico County - 2025-02-16 Marathon Repeats,No,7,657,01:06:28,152,182,143,248,09:29,07:41,325,302,1.18,00:13.9,01:05:57,148,217,Yes
Running,2/18/25 17:33,Henrico County - 2025-02-18 Easy Run,No,3.1,210,00:25:30,131,158,153,171,08:13,07:02,125,69,1.24,00:29.8,00:25:05,164,244,Yes
Running,2/22/25 11:05,Henrico County - 2025-02-22 Long Run,No,8,700,01:12:34,148,166,149,243,09:04,06:33,269,131,1.19,01:18.1,01:12:08,164,256,Yes
Running,2/23/25 17:13,Henrico County - 2025-02-23 Easy Run,No,2.15,173,00:20:07,132,161,152,169,09:22,07:14,62,46,1.13,00:07.1,00:19:50,161,210,Yes
Running,2/24/25 17:06,Henrico County - 2025-02-24 Easy Run,No,2.75,227,00:26:01,135,161,148,236,09:28,04:15,95,95,1.15,00:33.6,00:25:59,166,217,Yes
Running,2/26/25 10:04,Henrico County - 2025-02-26 Progression Run,No,7.63,723,01:05:51,158,174,150,247,08:38,06:52,164,164,1.24,00:06.0,01:05:28,166,228,Yes
Running,3/1/25 10:56,Henrico County - 2025-03-01 Long Run,No,11,986,01:34:03,158,173,149,248,08:33,06:46,328,302,1.23,00:13.2,01:33:15,166,221,Yes
Running,3/2/25 17:02,Henrico County - 2025-03-02 Easy Run,No,2.93,278,00:25:07,156,178,154,164,08:34,07:06,95,75,1.22,00:07.0,00:24:59,207,262,Yes
Running,3/3/25 17:29,Henrico County - 2025-03-03 Easy Run,No,3.01,260,00:25:43,145,171,153,166,08:32,06:21,108,79,1.24,00:43.2,00:25:32,163,228,Yes
Running,3/5/25 09:44,Henrico County - 2025-03-05 Fartleks,No,7.7,756,01:05:21,163,179,153,244,08:29,07:09,305,341,1.24,00:21.0,01:05:07,165,269,Yes
Running,3/6/25 14:30,Henrico County - 2025-03-06 Easy Run,No,2.9,249,00:25:36,142,164,157,166,08:50,07:21,112,118,1.16,00:36.3,00:25:35,190,245,Yes
Running,3/10/25 18:44,Henrico County Running,No,4.2,335,00:35:08,142,176,153,163,08:22,07:44,135,108,1.26,01:50.8,00:34:31,165,219,Yes
Running,3/11/25 16:21,Henrico County - 2025-03-11 Long Run,No,2.01,160,00:17:58,135,153,150,164,08:57,07:19,72,72,1.2,01:31.3,00:17:44,163,206,Yes
Running,3/15/25 08:00,Washington Running,Yes,13.27,"1,199",01:46:13,169,182,157,243,08:00,06:10,361,341,1.26,00:41.3,01:46:11,-14,177,No
Running,3/19/25 13:31,Henrico County - 2025-03-19 Recovery Run,No,4,380,00:33:44,160,181,149,164,08:26,06:54,121,131,1.28,01:27.5,00:33:38,150,194,Yes
Running,3/22/25 08:00,Prince William County Running,Yes,11,"1,097",01:33:18,172,184,157,250,08:29,05:50,791,778,1.21,07:39.4,01:33:08,186,425,No
Running,3/29/25 06:03,Myrtle Beach Running,No,8.01,768,01:31:06,144,184,125,225,11:22,07:07,49,69,1.11,00:06.5,01:30:34,-57,-3,No
Treadmill Running,3/31/25 13:30,Treadmill Running,No,3.12,224,00:26:05,135,146,151,217,08:21,07:59,--,--,1.28,01:00.3,00:25:48,--,--,Yes
Treadmill Running,3/31/25 14:07,Treadmill Running,No,2,155,00:16:52,139,150,152,220,08:25,07:53,--,--,1.26,00:01.8,00:16:52,--,--,Yes
Running,4/13/25 14:13,Richmond Walking,No,3.67,144,00:33:40,98,126,93,122,09:10,16:26,43,--,0.86,00:13:12,00:31:51,121,169,Yes
Running,4/14/25 11:29,Henrico County Running,No,2.86,275,00:26:01,156,179,141,164,09:06,06:59,98,92,1.25,08:13.7,00:25:52,162,211,Yes
Running,4/14/25 12:21,Henrico County Running,No,1.11,115,00:10:01,167,182,147,160,09:00,07:23,43,36,1.22,01:00.3,00:10:01,182,220,Yes
Running,4/20/25 21:05,Myrtle Beach Running,No,4.03,410,00:39:04,159,174,137,235,09:42,06:36,56,69,1.2,00:13.5,00:38:57,26,60,Yes
Running,4/21/25 12:05,Myrtle Beach Running,No,1.01,85,08:13.5,154,172,148,162,08:10,06:36,20,13,1.33,00:02.8,08:06.8,28,44,Yes
Treadmill Running,4/21/25 16:28,Treadmill Running,No,4.01,311,00:29:27,153,170,150,163,07:21,06:28,--,--,1.46,00:02.8,00:29:19,--,--,Yes
Treadmill Running,4/22/25 17:09,Treadmill Running,No,6.51,470,00:45:27,151,166,151,159,06:59,06:23,--,--,1.52,03:26.8,00:45:18,--,--,Yes
Running,4/23/25 07:22,Myrtle Beach Running,No,5.1,475,00:46:53,157,173,143,240,09:11,06:59,43,59,1.22,00:46.0,00:46:38,13,48,No
Treadmill Running,4/25/25 08:16,Treadmill Running,No,10,2,01:22:23,62,68,--,--,08:14,--,--,--,--,02:22.7,00:00:00,--,--,Yes
Treadmill Running,4/28/25 19:43,Treadmill Running,No,5.01,371,00:37:22,150,163,149,159,07:28,06:39,--,--,1.45,00:02.2,00:37:14,--,--,Yes
Treadmill Running,4/30/25 12:40,Treadmill Running,No,7.03,512,00:51:08,150,159,150,157,07:17,06:48,--,--,1.47,00:10.8,00:51:03,--,--,Yes
Treadmill Running,5/1/25 12:00,Treadmill Running,No,8.31,665,01:00:11,160,170,150,229,07:15,05:03,--,--,1.48,02:09.8,00:59:40,--,--,Yes
Treadmill Running,5/2/25 19:04,Treadmill Running,No,5,380,00:36:19,152,161,152,159,07:15,06:47,--,--,1.46,00:01.9,00:36:09,--,--,Yes
Treadmill Running,5/3/25 11:04,Treadmill Running,No,8.22,562,01:00:02,149,160,151,237,07:18,05:12,--,--,1.46,01:39.3,00:59:49,--,--,Yes
Treadmill Running,5/5/25 20:01,Treadmill Running,No,5.5,407,00:41:11,149,158,149,218,07:29,06:37,--,--,1.44,03:39.4,00:40:46,--,--,Yes
Treadmill Running,5/7/25 12:42,Treadmill Running,No,8.54,602,01:00:02,151,163,154,163,07:02,06:35,--,--,1.48,03:42.5,00:59:51,--,--,Yes
Running,5/10/25 08:00,Myrtle Beach Running,No,11.01,"1,064",01:37:34,168,182,147,250,08:52,06:45,174,197,1.23,00:01.7,01:37:17,-5,58,Yes
Running,5/13/25 15:57,Henrico County Running,No,6.03,565,00:54:11,157,173,147,238,08:59,07:21,374,377,1.22,00:18.5,00:54:04,160,240,Yes
Running,5/16/25 07:16,Fairfax County Running,No,6.26,689,00:58:36,171,183,146,235,09:22,02:07,259,266,1.18,02:35.4,00:58:13,73,165,Yes
Running,5/20/25 17:08,Henrico County Running,No,3.2,292,00:28:20,155,173,139,239,08:51,06:31,105,112,1.31,01:56.5,00:28:08,160,200,Yes
Running,5/20/25 17:52,Henrico County Running,No,1.11,105,09:26.5,161,175,142,225,08:31,06:59,43,30,1.33,01:04.3,00:09:15,159,189,Yes
Running,5/26/25 11:04,Barcelona - Tempo,No,5.6,621,00:48:53,171,183,148,250,08:44,06:38,52,59,1.24,01:59.2,00:48:31,16,52,Yes
Running,5/27/25 07:42,Barcelona Running,No,6.6,603,00:54:06,167,181,152,237,08:12,06:26,89,75,1.29,05:13.0,00:53:46,-26,15,Yes
Treadmill Running,6/2/25 06:20,Treadmill Running,No,6.2,470,00:44:09,157,174,152,161,07:07,06:37,--,--,1.49,01:25.0,00:44:04,--,--,Yes
Running,6/7/25 21:20,Rakvere Running,Yes,13.33,"1,259",01:53:51,170,187,149,249,08:32,06:01,272,266,1.27,02:26.0,01:53:49,202,291,Yes
Running,6/9/25 07:36,Copenhagen Running,No,3.4,295,00:28:36,156,174,149,166,08:24,06:35,82,69,1.28,03:00.8,00:27:39,51,112,Yes
Running,6/12/25 13:57,Copenhagen Running,No,4.7,402,00:38:40,157,171,149,171,08:14,06:44,52,36,1.3,04:58.5,00:37:40,47,82,Yes
Running,6/19/25 17:00,Henrico County Running,No,1,81,00:08:34,142,167,146,238,08:34,02:41,49,105,1.29,00:01.4,08:31.4,-6,78,Yes
Treadmill Running,6/20/25 14:21,Treadmill Running,No,8.01,560,00:59:41,145,161,144,234,07:27,04:37,--,--,1.49,00:01.4,00:59:04,--,--,Yes
Running,6/23/25 22:10,Myrtle Beach Running,No,2.6,242,00:26:06,144,163,132,214,10:02,01:09,13,26,1.22,06:01.1,00:26:00,20,39,No
Treadmill Running,6/25/25 13:43,Treadmill Running,No,6.01,447,00:47:23,146,163,144,220,07:53,07:03,--,--,1.42,00:02.8,00:46:57,--,--,Yes
Treadmill Running,6/26/25 13:00,Treadmill Running,No,4.35,314,00:33:05,144,162,146,248,07:36,04:56,--,--,1.44,02:44.0,00:32:28,--,--,Yes
Treadmill Running,6/27/25 19:43,Treadmill Running,No,2.5,210,00:20:20,151,163,143,247,08:08,05:00,--,--,1.39,03:54.5,00:20:19,--,--,Yes
Treadmill Running,6/27/25 20:11,Treadmill Running,No,2.5,199,00:18:57,151,158,148,246,07:35,07:04,--,--,1.44,03:38.3,00:18:44,--,--,Yes
Treadmill Running,6/28/25 13:12,Treadmill Running,No,7.01,512,00:50:34,151,163,151,249,07:13,04:42,--,--,1.48,00:02.1,00:50:33,--,--,Yes
Treadmill Running,7/1/25 16:33,Treadmill Running,No,8.01,573,00:58:36,149,159,149,155,07:19,06:59,--,--,1.47,00:04.1,00:58:33,--,--,Yes
Treadmill Running,7/3/25 12:56,Treadmill Running,No,6.21,476,00:46:07,154,165,149,228,07:25,05:06,--,--,1.45,01:32.3,00:46:01,--,--,Yes
Treadmill Running,7/4/25 11:46,Treadmill Running,No,4.12,330,00:30:07,159,168,151,227,07:18,05:04,--,--,1.46,00:53.1,00:30:06,--,--,Yes
Treadmill Running,7/5/25 13:57,Treadmill Running,No,8.01,583,01:01:21,149,165,146,225,07:40,06:57,--,--,1.43,00:02.5,01:00:25,--,--,Yes
Treadmill Running,7/7/25 16:20,Treadmill Running,No,3.51,242,00:25:51,142,156,149,155,07:21,07:04,--,--,1.47,03:54.9,00:25:50,--,--,Yes
Treadmill Running,7/7/25 16:56,Treadmill Running,No,3.51,249,00:26:05,144,156,149,157,07:27,06:55,--,--,1.45,03:40.5,00:26:04,--,--,Yes
Treadmill Running,7/9/25 18:31,Treadmill Running,No,3.1,247,00:24:57,151,194,144,249,08:03,04:25,--,--,1.39,00:43.5,00:24:12,--,--,Yes
Running,7/11/25 15:02,Myrtle Beach Running,No,2.5,251,00:23:44,156,176,139,239,09:29,07:11,36,59,1.22,05:49.9,00:23:42,10,59,Yes
Treadmill Running,7/13/25 13:02,Treadmill Running,No,9.01,626,01:08:38,147,166,144,209,07:37,06:18,--,--,1.47,00:01.6,01:08:00,--,--,Yes
Treadmill Running,7/16/25 17:33,Treadmill Running,No,7.01,497,00:51:23,148,173,146,243,07:20,06:21,--,--,1.51,00:04.3,00:51:07,--,--,Yes
Treadmill Running,7/18/25 17:36,Treadmill Running,No,5.01,320,00:37:06,138,153,145,245,07:25,04:23,--,--,1.49,00:02.4,00:36:52,--,--,Yes
Treadmill Running,7/19/25 08:44,Treadmill Running,No,8.01,594,00:53:48,160,172,151,231,06:43,04:56,--,--,1.59,00:02.2,00:53:40,--,--,Yes
Treadmill Running,7/23/25 15:56,Treadmill Running,No,6.3,433,00:45:06,148,170,146,157,07:09,06:10,--,--,1.54,02:01.1,00:45:04,--,--,Yes
Treadmill Running,7/26/25 07:03,Treadmill Running,No,6.22,313,00:47:20,152,168,147,161,07:37,06:21,--,--,1.48,00:47.5,00:30:10,--,--,Yes
Treadmill Running,8/2/25 12:46,Treadmill Running,No,4.01,348,00:30:36,164,175,142,246,07:38,05:45,--,--,1.48,00:01.2,00:30:19,--,--,Yes
Running,8/3/25 06:05,Myrtle Beach Running,No,11.01,"1,051",01:51:01,160,192,134,246,10:05,06:34,249,236,1.19,00:02.1,01:50:13,-5,64,Yes
Treadmill Running,8/5/25 12:40,Treadmill Running,No,6.2,469,00:46:34,153,169,142,231,07:31,06:38,--,--,1.51,01:22.4,00:45:46,--,--,Yes
Running,8/9/25 08:38,Myrtle Beach Running,No,5.01,511,00:50:32,158,179,133,248,10:06,07:03,184,210,1.2,00:01.7,00:50:11,-9,50,Yes
Running,8/9/25 12:18,Myrtle Beach Running,No,0.58,48,05:03.3,142,166,149,234,08:44,07:40,--,13,1.24,05:03.3,00:04:59,18,35,Yes
Treadmill Running,8/9/25 12:25,Treadmill Running,No,8.2,628,01:04:59,152,166,141,244,07:55,04:27,--,--,1.44,01:21.6,01:03:58,--,--,Yes
Running,8/9/25 14:12,Myrtle Beach Running,No,0.56,53,04:57.6,155,172,146,157,08:49,07:30,7,--,1.25,04:57.6,00:04:53,36,46,Yes
Treadmill Running,8/12/25 16:35,Treadmill Running,No,7.01,519,00:52:20,151,167,145,243,07:28,04:38,--,--,1.49,00:01.7,00:51:39,--,--,Yes
Running,8/16/25 06:01,Myrtle Beach Running,No,10,"1,057",01:32:33,172,185,139,250,09:15,06:47,299,338,1.25,00:01.5,01:31:56,16,79,No
Treadmill Running,8/16/25 09:12,Treadmill Running,No,5.01,364,00:39:37,150,173,141,159,07:55,06:25,--,--,1.44,00:01.9,00:39:02,--,--,No
Treadmill Running,8/19/25 18:23,Treadmill Running,No,3.5,237,00:23:42,149,161,152,240,06:46,06:27,--,--,1.56,03:18.5,00:23:34,--,--,Yes
Running,8/23/25 06:04,Myrtle Beach Running,No,13.01,"1,142",02:04:32,156,183,137,244,09:35,06:39,246,197,1.23,00:02.7,02:02:27,33,95,No
Running,8/23/25 08:53,Myrtle Beach Running,No,4.06,379,00:40:33,150,172,133,244,10:00,07:04,118,108,1.21,00:25.5,00:40:25,12,50,No
Treadmill Running,8/28/25 13:35,Treadmill Running,No,7.01,501,00:52:28,147,164,145,243,07:29,06:17,--,--,1.49,00:02.5,00:49:19,--,--,Yes
Treadmill Running,8/31/25 08:04,Treadmill Running,No,7.01,508,00:50:27,153,172,154,164,07:12,06:32,--,--,1.45,00:02.4,00:49:51,--,--,Yes
Running,9/2/25 18:32,Myrtle Beach Running,No,4.05,396,00:38:06,156,180,139,240,09:24,07:09,43,59,1.23,00:24.5,00:38:00,1,36,Yes
Running,9/2/25 19:10,Running,No,1.8,--,00:15:03,71,73,--,--,08:22,--,--,--,--,00:03.1,00:00:00,156,157,Yes
Running,9/6/25 06:01,Myrtle Beach Running,No,13.01,"1,117",02:03:38,156,192,140,241,09:30,06:50,322,262,1.21,00:03.0,02:02:45,19,85,No
Running,9/6/25 08:43,Myrtle Beach Running,No,1.01,88,09:22.9,144,159,140,164,09:19,07:18,7,39,1.23,00:02.4,00:09:18,31,47,No
Treadmill Running,9/8/25 18:16,Treadmill Running,No,1.01,71,07:04.0,149,161,155,164,07:00,06:39,--,--,1.49,00:03.1,07:04.0,--,--,Yes
Treadmill Running,9/14/25 14:33,Treadmill Running,No,3.2,97,00:34:11,156,161,154,157,08:44,06:51,--,--,1.49,02:06.4,09:10.4,--,--,Yes
Treadmill Running,9/14/25 14:49,Treadmill Running,No,1.01,77,08:43.4,139,158,135,164,08:41,06:45,--,--,1.37,00:01.8,08:09.8,--,--,Yes
Running,9/22/25 19:40,Odense Running,No,3.32,305,00:27:50,163,173,154,168,08:23,07:29,59,49,1.24,02:51.7,00:26:52,41,83,Yes
Running,9/23/25 15:57,Odense Running,No,0.11,9,01:14.2,123,142,137,225,11:14,01:52,7,--,1.04,01:14.2,00:01:14,40,55,Yes
Running,9/24/25 16:15,Odense Running,No,6.2,527,00:51:49,156,176,155,171,08:21,07:26,112,82,1.24,01:40.4,00:50:07,28,84,No
Running,9/28/25 10:06,Odense Running,Yes,26.72,"2,152",04:24:46,153,171,148,238,09:55,06:56,371,377,1.09,05:48.1,04:22:54,3,78,Yes